[{"created_at":"Wed Jul 11 09:47:28 +0000 2012","id":222990482026930176,"id_str":"222990482026930176","text":"Download GAMERBREED for free! Create your own online real-time browser-based MMO http:\/\/t.co\/dIC1a80l via @sourceforge","source":"\u003ca href=\"http:\/\/twitter.com\/tweetbutton\" rel=\"nofollow\"\u003eTweet Button\u003c\/a\u003e","truncated":false,"in_reply_to_status_id":null,"in_reply_to_status_id_str":null,"in_reply_to_user_id":null,"in_reply_to_user_id_str":null,"in_reply_to_screen_name":null,"user":{"id":529666855,"id_str":"529666855","name":"GAMERBREED","screen_name":"cmsgamerbreed","location":"","url":"http:\/\/www.gamerbreed.com","description":"GAMERBREED gives you the power to create your own original online text-based RPG on your server.","protected":false,"followers_count":206,"friends_count":513,"listed_count":6,"created_at":"Mon Mar 19 19:43:35 +0000 2012","favourites_count":0,"utc_offset":null,"time_zone":null,"geo_enabled":false,"verified":false,"statuses_count":39,"lang":"en","contributors_enabled":false,"is_translator":false,"profile_background_color":"131516","profile_background_image_url":"http:\/\/a0.twimg.com\/profile_background_images\/452955436\/bg.jpg","profile_background_image_url_https":"https:\/\/si0.twimg.com\/profile_background_images\/452955436\/bg.jpg","profile_background_tile":true,"profile_image_url":"http:\/\/a0.twimg.com\/profile_images\/1909665134\/logo_normal.jpg","profile_image_url_https":"https:\/\/si0.twimg.com\/profile_images\/1909665134\/logo_normal.jpg","profile_link_color":"009999","profile_sidebar_border_color":"C0DEED","profile_sidebar_fill_color":"DDEEF6","profile_text_color":"333333","profile_use_background_image":true,"default_profile":false,"default_profile_image":false,"following":null,"follow_request_sent":null,"notifications":null},"geo":null,"coordinates":null,"place":null,"contributors":null,"retweet_count":0,"entities":{"hashtags":[],"urls":[{"url":"http:\/\/t.co\/dIC1a80l","expanded_url":"http:\/\/sf.net\/projects\/gamerbreed\/","display_url":"sf.net\/projects\/gamer\u2026","indices":[81,101]}],"user_mentions":[{"screen_name":"sourceforge","name":"sourceforge","id":14118534,"id_str":"14118534","indices":[106,118]}]},"favorited":false,"retweeted":false,"possibly_sensitive":false},{"created_at":"Tue Jul 10 21:51:56 +0000 2012","id":222810410041085953,"id_str":"222810410041085953","text":"Pre-alpha 2.0 Released! - GAMERBREED Game Creator - Make Your Own Game For Free!: http:\/\/t.co\/Lct2tN0p","source":"\u003ca href=\"http:\/\/twitter.com\/tweetbutton\" rel=\"nofollow\"\u003eTweet Button\u003c\/a\u003e","truncated":false,"in_reply_to_status_id":null,"in_reply_to_status_id_str":null,"in_reply_to_user_id":null,"in_reply_to_user_id_str":null,"in_reply_to_screen_name":null,"user":{"id":529666855,"id_str":"529666855","name":"GAMERBREED","screen_name":"cmsgamerbreed","location":"","url":"http:\/\/www.gamerbreed.com","description":"GAMERBREED gives you the power to create your own original online text-based RPG on your server.","protected":false,"followers_count":206,"friends_count":513,"listed_count":6,"created_at":"Mon Mar 19 19:43:35 +0000 2012","favourites_count":0,"utc_offset":null,"time_zone":null,"geo_enabled":false,"verified":false,"statuses_count":39,"lang":"en","contributors_enabled":false,"is_translator":false,"profile_background_color":"131516","profile_background_image_url":"http:\/\/a0.twimg.com\/profile_background_images\/452955436\/bg.jpg","profile_background_image_url_https":"https:\/\/si0.twimg.com\/profile_background_images\/452955436\/bg.jpg","profile_background_tile":true,"profile_image_url":"http:\/\/a0.twimg.com\/profile_images\/1909665134\/logo_normal.jpg","profile_image_url_https":"https:\/\/si0.twimg.com\/profile_images\/1909665134\/logo_normal.jpg","profile_link_color":"009999","profile_sidebar_border_color":"C0DEED","profile_sidebar_fill_color":"DDEEF6","profile_text_color":"333333","profile_use_background_image":true,"default_profile":false,"default_profile_image":false,"following":null,"follow_request_sent":null,"notifications":null},"geo":null,"coordinates":null,"place":null,"contributors":null,"retweet_count":0,"entities":{"hashtags":[],"urls":[{"url":"http:\/\/t.co\/Lct2tN0p","expanded_url":"http:\/\/www.gamerbreed.com\/2012\/07\/10\/pre-alpha-2-0-released\/#.T_yj4E_m0Z0.twitter","display_url":"gamerbreed.com\/2012\/07\/10\/pre\u2026","indices":[82,102]}],"user_mentions":[]},"favorited":false,"retweeted":false,"possibly_sensitive":false},{"created_at":"Sat Jul 07 17:36:11 +0000 2012","id":221658887030456321,"id_str":"221658887030456321","text":"This weekend we are working on the fighting system and the items!! Look forward to the alpha release this monday! http:\/\/t.co\/CDjalOZE","source":"web","truncated":false,"in_reply_to_status_id":null,"in_reply_to_status_id_str":null,"in_reply_to_user_id":null,"in_reply_to_user_id_str":null,"in_reply_to_screen_name":null,"user":{"id":529666855,"id_str":"529666855","name":"GAMERBREED","screen_name":"cmsgamerbreed","location":"","url":"http:\/\/www.gamerbreed.com","description":"GAMERBREED gives you the power to create your own original online text-based RPG on your server.","protected":false,"followers_count":206,"friends_count":513,"listed_count":6,"created_at":"Mon Mar 19 19:43:35 +0000 2012","favourites_count":0,"utc_offset":null,"time_zone":null,"geo_enabled":false,"verified":false,"statuses_count":39,"lang":"en","contributors_enabled":false,"is_translator":false,"profile_background_color":"131516","profile_background_image_url":"http:\/\/a0.twimg.com\/profile_background_images\/452955436\/bg.jpg","profile_background_image_url_https":"https:\/\/si0.twimg.com\/profile_background_images\/452955436\/bg.jpg","profile_background_tile":true,"profile_image_url":"http:\/\/a0.twimg.com\/profile_images\/1909665134\/logo_normal.jpg","profile_image_url_https":"https:\/\/si0.twimg.com\/profile_images\/1909665134\/logo_normal.jpg","profile_link_color":"009999","profile_sidebar_border_color":"C0DEED","profile_sidebar_fill_color":"DDEEF6","profile_text_color":"333333","profile_use_background_image":true,"default_profile":false,"default_profile_image":false,"following":null,"follow_request_sent":null,"notifications":null},"geo":null,"coordinates":null,"place":null,"contributors":null,"retweet_count":0,"entities":{"hashtags":[],"urls":[{"url":"http:\/\/t.co\/CDjalOZE","expanded_url":"http:\/\/www.gamerbreed.com","display_url":"gamerbreed.com","indices":[114,134]}],"user_mentions":[]},"favorited":false,"retweeted":false,"possibly_sensitive":false},{"created_at":"Fri Jul 06 14:55:58 +0000 2012","id":221256178443890688,"id_str":"221256178443890688","text":"Hi guys! We created a sourgeforge for the project. Check it out! https:\/\/t.co\/0QLCE7N9","source":"web","truncated":false,"in_reply_to_status_id":null,"in_reply_to_status_id_str":null,"in_reply_to_user_id":null,"in_reply_to_user_id_str":null,"in_reply_to_screen_name":null,"user":{"id":529666855,"id_str":"529666855","name":"GAMERBREED","screen_name":"cmsgamerbreed","location":"","url":"http:\/\/www.gamerbreed.com","description":"GAMERBREED gives you the power to create your own original online text-based RPG on your server.","protected":false,"followers_count":206,"friends_count":513,"listed_count":6,"created_at":"Mon Mar 19 19:43:35 +0000 2012","favourites_count":0,"utc_offset":null,"time_zone":null,"geo_enabled":false,"verified":false,"statuses_count":39,"lang":"en","contributors_enabled":false,"is_translator":false,"profile_background_color":"131516","profile_background_image_url":"http:\/\/a0.twimg.com\/profile_background_images\/452955436\/bg.jpg","profile_background_image_url_https":"https:\/\/si0.twimg.com\/profile_background_images\/452955436\/bg.jpg","profile_background_tile":true,"profile_image_url":"http:\/\/a0.twimg.com\/profile_images\/1909665134\/logo_normal.jpg","profile_image_url_https":"https:\/\/si0.twimg.com\/profile_images\/1909665134\/logo_normal.jpg","profile_link_color":"009999","profile_sidebar_border_color":"C0DEED","profile_sidebar_fill_color":"DDEEF6","profile_text_color":"333333","profile_use_background_image":true,"default_profile":false,"default_profile_image":false,"following":null,"follow_request_sent":null,"notifications":null},"geo":null,"coordinates":null,"place":null,"contributors":null,"retweet_count":0,"entities":{"hashtags":[],"urls":[{"url":"https:\/\/t.co\/0QLCE7N9","expanded_url":"https:\/\/sourceforge.net\/p\/gamerbreed\/","display_url":"sourceforge.net\/p\/gamerbreed\/","indices":[65,86]}],"user_mentions":[]},"favorited":false,"retweeted":false,"possibly_sensitive":false},{"created_at":"Wed Jul 04 23:42:16 +0000 2012","id":220663851358752768,"id_str":"220663851358752768","text":"Finally! the pre-alpha is here! check it out!","source":"\u003ca href=\"http:\/\/twitter.com\/tweetbutton\" rel=\"nofollow\"\u003eTweet Button\u003c\/a\u003e","truncated":false,"in_reply_to_status_id":null,"in_reply_to_status_id_str":null,"in_reply_to_user_id":null,"in_reply_to_user_id_str":null,"in_reply_to_screen_name":null,"user":{"id":529666855,"id_str":"529666855","name":"GAMERBREED","screen_name":"cmsgamerbreed","location":"","url":"http:\/\/www.gamerbreed.com","description":"GAMERBREED gives you the power to create your own original online text-based RPG on your server.","protected":false,"followers_count":206,"friends_count":513,"listed_count":6,"created_at":"Mon Mar 19 19:43:35 +0000 2012","favourites_count":0,"utc_offset":null,"time_zone":null,"geo_enabled":false,"verified":false,"statuses_count":39,"lang":"en","contributors_enabled":false,"is_translator":false,"profile_background_color":"131516","profile_background_image_url":"http:\/\/a0.twimg.com\/profile_background_images\/452955436\/bg.jpg","profile_background_image_url_https":"https:\/\/si0.twimg.com\/profile_background_images\/452955436\/bg.jpg","profile_background_tile":true,"profile_image_url":"http:\/\/a0.twimg.com\/profile_images\/1909665134\/logo_normal.jpg","profile_image_url_https":"https:\/\/si0.twimg.com\/profile_images\/1909665134\/logo_normal.jpg","profile_link_color":"009999","profile_sidebar_border_color":"C0DEED","profile_sidebar_fill_color":"DDEEF6","profile_text_color":"333333","profile_use_background_image":true,"default_profile":false,"default_profile_image":false,"following":null,"follow_request_sent":null,"notifications":null},"geo":null,"coordinates":null,"place":null,"contributors":null,"retweet_count":0,"entities":{"hashtags":[],"urls":[],"user_mentions":[]},"favorited":false,"retweeted":false},{"created_at":"Mon Jul 02 20:51:29 +0000 2012","id":219896094887395328,"id_str":"219896094887395328","text":"Weekly update #15: good news, bad news, surprise...? - GAMERBREED Game Creator - Make Your Own Game For Free!: http:\/\/t.co\/oIa3JPRp","source":"\u003ca href=\"http:\/\/twitter.com\/tweetbutton\" rel=\"nofollow\"\u003eTweet Button\u003c\/a\u003e","truncated":false,"in_reply_to_status_id":null,"in_reply_to_status_id_str":null,"in_reply_to_user_id":null,"in_reply_to_user_id_str":null,"in_reply_to_screen_name":null,"user":{"id":529666855,"id_str":"529666855","name":"GAMERBREED","screen_name":"cmsgamerbreed","location":"","url":"http:\/\/www.gamerbreed.com","description":"GAMERBREED gives you the power to create your own original online text-based RPG on your server.","protected":false,"followers_count":206,"friends_count":513,"listed_count":6,"created_at":"Mon Mar 19 19:43:35 +0000 2012","favourites_count":0,"utc_offset":null,"time_zone":null,"geo_enabled":false,"verified":false,"statuses_count":39,"lang":"en","contributors_enabled":false,"is_translator":false,"profile_background_color":"131516","profile_background_image_url":"http:\/\/a0.twimg.com\/profile_background_images\/452955436\/bg.jpg","profile_background_image_url_https":"https:\/\/si0.twimg.com\/profile_background_images\/452955436\/bg.jpg","profile_background_tile":true,"profile_image_url":"http:\/\/a0.twimg.com\/profile_images\/1909665134\/logo_normal.jpg","profile_image_url_https":"https:\/\/si0.twimg.com\/profile_images\/1909665134\/logo_normal.jpg","profile_link_color":"009999","profile_sidebar_border_color":"C0DEED","profile_sidebar_fill_color":"DDEEF6","profile_text_color":"333333","profile_use_background_image":true,"default_profile":false,"default_profile_image":false,"following":null,"follow_request_sent":null,"notifications":null},"geo":null,"coordinates":null,"place":null,"contributors":null,"retweet_count":0,"entities":{"hashtags":[],"urls":[{"url":"http:\/\/t.co\/oIa3JPRp","expanded_url":"http:\/\/www.gamerbreed.com\/2012\/07\/02\/weekly-update-15\/#.T_IJiobeX0I.twitter","display_url":"gamerbreed.com\/2012\/07\/02\/wee\u2026","indices":[111,131]}],"user_mentions":[]},"favorited":false,"retweeted":false,"possibly_sensitive":false},{"created_at":"Mon Jun 25 17:54:03 +0000 2012","id":217314730304483328,"id_str":"217314730304483328","text":"Weekly update #14 \u2013 words are not enough - GAMERBREED Game Creator - Make Your Own Game For Free!: http:\/\/t.co\/zrNayExI","source":"\u003ca href=\"http:\/\/twitter.com\/tweetbutton\" rel=\"nofollow\"\u003eTweet Button\u003c\/a\u003e","truncated":false,"in_reply_to_status_id":null,"in_reply_to_status_id_str":null,"in_reply_to_user_id":null,"in_reply_to_user_id_str":null,"in_reply_to_screen_name":null,"user":{"id":529666855,"id_str":"529666855","name":"GAMERBREED","screen_name":"cmsgamerbreed","location":"","url":"http:\/\/www.gamerbreed.com","description":"GAMERBREED gives you the power to create your own original online text-based RPG on your server.","protected":false,"followers_count":206,"friends_count":513,"listed_count":6,"created_at":"Mon Mar 19 19:43:35 +0000 2012","favourites_count":0,"utc_offset":null,"time_zone":null,"geo_enabled":false,"verified":false,"statuses_count":39,"lang":"en","contributors_enabled":false,"is_translator":false,"profile_background_color":"131516","profile_background_image_url":"http:\/\/a0.twimg.com\/profile_background_images\/452955436\/bg.jpg","profile_background_image_url_https":"https:\/\/si0.twimg.com\/profile_background_images\/452955436\/bg.jpg","profile_background_tile":true,"profile_image_url":"http:\/\/a0.twimg.com\/profile_images\/1909665134\/logo_normal.jpg","profile_image_url_https":"https:\/\/si0.twimg.com\/profile_images\/1909665134\/logo_normal.jpg","profile_link_color":"009999","profile_sidebar_border_color":"C0DEED","profile_sidebar_fill_color":"DDEEF6","profile_text_color":"333333","profile_use_background_image":true,"default_profile":false,"default_profile_image":false,"following":null,"follow_request_sent":null,"notifications":null},"geo":null,"coordinates":null,"place":null,"contributors":null,"retweet_count":0,"entities":{"hashtags":[],"urls":[{"url":"http:\/\/t.co\/zrNayExI","expanded_url":"http:\/\/www.gamerbreed.com\/2012\/06\/25\/weekly-update-14-words\/#.T-ilo__R4dE.twitter","display_url":"gamerbreed.com\/2012\/06\/25\/wee\u2026","indices":[99,119]}],"user_mentions":[]},"favorited":false,"retweeted":false,"possibly_sensitive":false},{"created_at":"Tue Jun 12 18:29:41 +0000 2012","id":212612653036732417,"id_str":"212612653036732417","text":"Weekly update #13: maintaining good progress, one step at a time - GAMERBREED Game Creator: http:\/\/t.co\/KznkBPXd","source":"\u003ca href=\"http:\/\/twitter.com\/tweetbutton\" rel=\"nofollow\"\u003eTweet Button\u003c\/a\u003e","truncated":false,"in_reply_to_status_id":null,"in_reply_to_status_id_str":null,"in_reply_to_user_id":null,"in_reply_to_user_id_str":null,"in_reply_to_screen_name":null,"user":{"id":529666855,"id_str":"529666855","name":"GAMERBREED","screen_name":"cmsgamerbreed","location":"","url":"http:\/\/www.gamerbreed.com","description":"GAMERBREED gives you the power to create your own original online text-based RPG on your server.","protected":false,"followers_count":206,"friends_count":513,"listed_count":6,"created_at":"Mon Mar 19 19:43:35 +0000 2012","favourites_count":0,"utc_offset":null,"time_zone":null,"geo_enabled":false,"verified":false,"statuses_count":39,"lang":"en","contributors_enabled":false,"is_translator":false,"profile_background_color":"131516","profile_background_image_url":"http:\/\/a0.twimg.com\/profile_background_images\/452955436\/bg.jpg","profile_background_image_url_https":"https:\/\/si0.twimg.com\/profile_background_images\/452955436\/bg.jpg","profile_background_tile":true,"profile_image_url":"http:\/\/a0.twimg.com\/profile_images\/1909665134\/logo_normal.jpg","profile_image_url_https":"https:\/\/si0.twimg.com\/profile_images\/1909665134\/logo_normal.jpg","profile_link_color":"009999","profile_sidebar_border_color":"C0DEED","profile_sidebar_fill_color":"DDEEF6","profile_text_color":"333333","profile_use_background_image":true,"default_profile":false,"default_profile_image":false,"following":null,"follow_request_sent":null,"notifications":null},"geo":null,"coordinates":null,"place":null,"contributors":null,"retweet_count":0,"entities":{"hashtags":[],"urls":[{"url":"http:\/\/t.co\/KznkBPXd","expanded_url":"http:\/\/bit.ly\/LXZqrT","display_url":"bit.ly\/LXZqrT","indices":[92,112]}],"user_mentions":[]},"favorited":false,"retweeted":false,"possibly_sensitive":false},{"created_at":"Sat Jun 09 19:28:18 +0000 2012","id":211540242539347969,"id_str":"211540242539347969","text":"Weekly update #12: fruits of our labour are nearly ripe - GAMERBREED Game Creator - Make Your Own Game For Free!: http:\/\/t.co\/jNYA1MCH","source":"\u003ca href=\"http:\/\/twitter.com\/tweetbutton\" rel=\"nofollow\"\u003eTweet Button\u003c\/a\u003e","truncated":false,"in_reply_to_status_id":null,"in_reply_to_status_id_str":null,"in_reply_to_user_id":null,"in_reply_to_user_id_str":null,"in_reply_to_screen_name":null,"user":{"id":529666855,"id_str":"529666855","name":"GAMERBREED","screen_name":"cmsgamerbreed","location":"","url":"http:\/\/www.gamerbreed.com","description":"GAMERBREED gives you the power to create your own original online text-based RPG on your server.","protected":false,"followers_count":206,"friends_count":513,"listed_count":6,"created_at":"Mon Mar 19 19:43:35 +0000 2012","favourites_count":0,"utc_offset":null,"time_zone":null,"geo_enabled":false,"verified":false,"statuses_count":39,"lang":"en","contributors_enabled":false,"is_translator":false,"profile_background_color":"131516","profile_background_image_url":"http:\/\/a0.twimg.com\/profile_background_images\/452955436\/bg.jpg","profile_background_image_url_https":"https:\/\/si0.twimg.com\/profile_background_images\/452955436\/bg.jpg","profile_background_tile":true,"profile_image_url":"http:\/\/a0.twimg.com\/profile_images\/1909665134\/logo_normal.jpg","profile_image_url_https":"https:\/\/si0.twimg.com\/profile_images\/1909665134\/logo_normal.jpg","profile_link_color":"009999","profile_sidebar_border_color":"C0DEED","profile_sidebar_fill_color":"DDEEF6","profile_text_color":"333333","profile_use_background_image":true,"default_profile":false,"default_profile_image":false,"following":null,"follow_request_sent":null,"notifications":null},"geo":null,"coordinates":null,"place":null,"contributors":null,"retweet_count":0,"entities":{"hashtags":[],"urls":[{"url":"http:\/\/t.co\/jNYA1MCH","expanded_url":"http:\/\/www.gamerbreed.com\/2012\/06\/09\/weekly-update-12-fruits-labour-ripe\/#.T9OjyDnKDIw.twitter","display_url":"gamerbreed.com\/2012\/06\/09\/wee\u2026","indices":[114,134]}],"user_mentions":[]},"favorited":false,"retweeted":false,"possibly_sensitive":false},{"created_at":"Tue Jun 05 00:00:47 +0000 2012","id":209796875065364480,"id_str":"209796875065364480","text":"Promo video live!!! http:\/\/t.co\/RIl4fHvz","source":"\u003ca href=\"http:\/\/twitter.com\/tweetbutton\" rel=\"nofollow\"\u003eTweet Button\u003c\/a\u003e","truncated":false,"in_reply_to_status_id":null,"in_reply_to_status_id_str":null,"in_reply_to_user_id":null,"in_reply_to_user_id_str":null,"in_reply_to_screen_name":null,"user":{"id":529666855,"id_str":"529666855","name":"GAMERBREED","screen_name":"cmsgamerbreed","location":"","url":"http:\/\/www.gamerbreed.com","description":"GAMERBREED gives you the power to create your own original online text-based RPG on your server.","protected":false,"followers_count":206,"friends_count":513,"listed_count":6,"created_at":"Mon Mar 19 19:43:35 +0000 2012","favourites_count":0,"utc_offset":null,"time_zone":null,"geo_enabled":false,"verified":false,"statuses_count":39,"lang":"en","contributors_enabled":false,"is_translator":false,"profile_background_color":"131516","profile_background_image_url":"http:\/\/a0.twimg.com\/profile_background_images\/452955436\/bg.jpg","profile_background_image_url_https":"https:\/\/si0.twimg.com\/profile_background_images\/452955436\/bg.jpg","profile_background_tile":true,"profile_image_url":"http:\/\/a0.twimg.com\/profile_images\/1909665134\/logo_normal.jpg","profile_image_url_https":"https:\/\/si0.twimg.com\/profile_images\/1909665134\/logo_normal.jpg","profile_link_color":"009999","profile_sidebar_border_color":"C0DEED","profile_sidebar_fill_color":"DDEEF6","profile_text_color":"333333","profile_use_background_image":true,"default_profile":false,"default_profile_image":false,"following":null,"follow_request_sent":null,"notifications":null},"geo":null,"coordinates":null,"place":null,"contributors":null,"retweet_count":0,"entities":{"hashtags":[],"urls":[{"url":"http:\/\/t.co\/RIl4fHvz","expanded_url":"http:\/\/www.gamerbreed.com\/2012\/06\/04\/weekly-update-11\/#.T81MFiT9_mo.twitter","display_url":"gamerbreed.com\/2012\/06\/04\/wee\u2026","indices":[20,40]}],"user_mentions":[]},"favorited":false,"retweeted":false,"possibly_sensitive":false},{"created_at":"Sat Jun 02 09:46:31 +0000 2012","id":208857115123658752,"id_str":"208857115123658752","text":"Weekly update #10: a bit of this, a bit of that - GAMERBREED Game Creator - Make Your Own Game For Free!: http:\/\/t.co\/00zctwh8","source":"\u003ca href=\"http:\/\/twitter.com\/tweetbutton\" rel=\"nofollow\"\u003eTweet Button\u003c\/a\u003e","truncated":false,"in_reply_to_status_id":null,"in_reply_to_status_id_str":null,"in_reply_to_user_id":null,"in_reply_to_user_id_str":null,"in_reply_to_screen_name":null,"user":{"id":529666855,"id_str":"529666855","name":"GAMERBREED","screen_name":"cmsgamerbreed","location":"","url":"http:\/\/www.gamerbreed.com","description":"GAMERBREED gives you the power to create your own original online text-based RPG on your server.","protected":false,"followers_count":206,"friends_count":513,"listed_count":6,"created_at":"Mon Mar 19 19:43:35 +0000 2012","favourites_count":0,"utc_offset":null,"time_zone":null,"geo_enabled":false,"verified":false,"statuses_count":39,"lang":"en","contributors_enabled":false,"is_translator":false,"profile_background_color":"131516","profile_background_image_url":"http:\/\/a0.twimg.com\/profile_background_images\/452955436\/bg.jpg","profile_background_image_url_https":"https:\/\/si0.twimg.com\/profile_background_images\/452955436\/bg.jpg","profile_background_tile":true,"profile_image_url":"http:\/\/a0.twimg.com\/profile_images\/1909665134\/logo_normal.jpg","profile_image_url_https":"https:\/\/si0.twimg.com\/profile_images\/1909665134\/logo_normal.jpg","profile_link_color":"009999","profile_sidebar_border_color":"C0DEED","profile_sidebar_fill_color":"DDEEF6","profile_text_color":"333333","profile_use_background_image":true,"default_profile":false,"default_profile_image":false,"following":null,"follow_request_sent":null,"notifications":null},"geo":null,"coordinates":null,"place":null,"contributors":null,"retweet_count":0,"entities":{"hashtags":[],"urls":[{"url":"http:\/\/t.co\/00zctwh8","expanded_url":"http:\/\/www.gamerbreed.com\/2012\/06\/01\/weekly-update-10\/#.T8ng3kiD4lk.twitter","display_url":"gamerbreed.com\/2012\/06\/01\/wee\u2026","indices":[106,126]}],"user_mentions":[]},"favorited":false,"retweeted":false,"possibly_sensitive":false},{"created_at":"Tue May 29 14:11:25 +0000 2012","id":207474229518663680,"id_str":"207474229518663680","text":"Illustrations are done!  http:\/\/t.co\/pbumIE5G","source":"\u003ca href=\"http:\/\/twitter.com\/tweetbutton\" rel=\"nofollow\"\u003eTweet Button\u003c\/a\u003e","truncated":false,"in_reply_to_status_id":null,"in_reply_to_status_id_str":null,"in_reply_to_user_id":null,"in_reply_to_user_id_str":null,"in_reply_to_screen_name":null,"user":{"id":529666855,"id_str":"529666855","name":"GAMERBREED","screen_name":"cmsgamerbreed","location":"","url":"http:\/\/www.gamerbreed.com","description":"GAMERBREED gives you the power to create your own original online text-based RPG on your server.","protected":false,"followers_count":206,"friends_count":513,"listed_count":6,"created_at":"Mon Mar 19 19:43:35 +0000 2012","favourites_count":0,"utc_offset":null,"time_zone":null,"geo_enabled":false,"verified":false,"statuses_count":39,"lang":"en","contributors_enabled":false,"is_translator":false,"profile_background_color":"131516","profile_background_image_url":"http:\/\/a0.twimg.com\/profile_background_images\/452955436\/bg.jpg","profile_background_image_url_https":"https:\/\/si0.twimg.com\/profile_background_images\/452955436\/bg.jpg","profile_background_tile":true,"profile_image_url":"http:\/\/a0.twimg.com\/profile_images\/1909665134\/logo_normal.jpg","profile_image_url_https":"https:\/\/si0.twimg.com\/profile_images\/1909665134\/logo_normal.jpg","profile_link_color":"009999","profile_sidebar_border_color":"C0DEED","profile_sidebar_fill_color":"DDEEF6","profile_text_color":"333333","profile_use_background_image":true,"default_profile":false,"default_profile_image":false,"following":null,"follow_request_sent":null,"notifications":null},"geo":null,"coordinates":null,"place":null,"contributors":null,"retweet_count":0,"entities":{"hashtags":[],"urls":[{"url":"http:\/\/t.co\/pbumIE5G","expanded_url":"http:\/\/www.gamerbreed.com\/2012\/05\/29\/illustrations-done\/#.T8TZVdI-f-w.twitter","display_url":"gamerbreed.com\/2012\/05\/29\/ill\u2026","indices":[25,45]}],"user_mentions":[]},"favorited":false,"retweeted":false,"possibly_sensitive":false},{"created_at":"Mon May 28 18:58:07 +0000 2012","id":207183990543757312,"id_str":"207183990543757312","text":"Weekly roundup #9: good progress despite heatwave - http:\/\/t.co\/msHQfkTc","source":"\u003ca href=\"http:\/\/twitter.com\/tweetbutton\" rel=\"nofollow\"\u003eTweet Button\u003c\/a\u003e","truncated":false,"in_reply_to_status_id":null,"in_reply_to_status_id_str":null,"in_reply_to_user_id":null,"in_reply_to_user_id_str":null,"in_reply_to_screen_name":null,"user":{"id":529666855,"id_str":"529666855","name":"GAMERBREED","screen_name":"cmsgamerbreed","location":"","url":"http:\/\/www.gamerbreed.com","description":"GAMERBREED gives you the power to create your own original online text-based RPG on your server.","protected":false,"followers_count":206,"friends_count":513,"listed_count":6,"created_at":"Mon Mar 19 19:43:35 +0000 2012","favourites_count":0,"utc_offset":null,"time_zone":null,"geo_enabled":false,"verified":false,"statuses_count":39,"lang":"en","contributors_enabled":false,"is_translator":false,"profile_background_color":"131516","profile_background_image_url":"http:\/\/a0.twimg.com\/profile_background_images\/452955436\/bg.jpg","profile_background_image_url_https":"https:\/\/si0.twimg.com\/profile_background_images\/452955436\/bg.jpg","profile_background_tile":true,"profile_image_url":"http:\/\/a0.twimg.com\/profile_images\/1909665134\/logo_normal.jpg","profile_image_url_https":"https:\/\/si0.twimg.com\/profile_images\/1909665134\/logo_normal.jpg","profile_link_color":"009999","profile_sidebar_border_color":"C0DEED","profile_sidebar_fill_color":"DDEEF6","profile_text_color":"333333","profile_use_background_image":true,"default_profile":false,"default_profile_image":false,"following":null,"follow_request_sent":null,"notifications":null},"geo":null,"coordinates":null,"place":null,"contributors":null,"retweet_count":0,"entities":{"hashtags":[],"urls":[{"url":"http:\/\/t.co\/msHQfkTc","expanded_url":"http:\/\/www.gamerbreed.com\/2012\/05\/28\/weekly-roundup-9-good-progress-heatwave\/#.T8PKfXsq1UQ.twitter","display_url":"gamerbreed.com\/2012\/05\/28\/wee\u2026","indices":[52,72]}],"user_mentions":[]},"favorited":false,"retweeted":false,"possibly_sensitive":false},{"created_at":"Tue May 22 22:13:40 +0000 2012","id":205058875735543808,"id_str":"205058875735543808","text":"Weekly roundup #8: big todo list - GAMERBREED Game Creator - Make Your Own Game For Free!: http:\/\/t.co\/o6bT2q6p","source":"\u003ca href=\"http:\/\/twitter.com\/tweetbutton\" rel=\"nofollow\"\u003eTweet Button\u003c\/a\u003e","truncated":false,"in_reply_to_status_id":null,"in_reply_to_status_id_str":null,"in_reply_to_user_id":null,"in_reply_to_user_id_str":null,"in_reply_to_screen_name":null,"user":{"id":529666855,"id_str":"529666855","name":"GAMERBREED","screen_name":"cmsgamerbreed","location":"","url":"http:\/\/www.gamerbreed.com","description":"GAMERBREED gives you the power to create your own original online text-based RPG on your server.","protected":false,"followers_count":206,"friends_count":513,"listed_count":6,"created_at":"Mon Mar 19 19:43:35 +0000 2012","favourites_count":0,"utc_offset":null,"time_zone":null,"geo_enabled":false,"verified":false,"statuses_count":39,"lang":"en","contributors_enabled":false,"is_translator":false,"profile_background_color":"131516","profile_background_image_url":"http:\/\/a0.twimg.com\/profile_background_images\/452955436\/bg.jpg","profile_background_image_url_https":"https:\/\/si0.twimg.com\/profile_background_images\/452955436\/bg.jpg","profile_background_tile":true,"profile_image_url":"http:\/\/a0.twimg.com\/profile_images\/1909665134\/logo_normal.jpg","profile_image_url_https":"https:\/\/si0.twimg.com\/profile_images\/1909665134\/logo_normal.jpg","profile_link_color":"009999","profile_sidebar_border_color":"C0DEED","profile_sidebar_fill_color":"DDEEF6","profile_text_color":"333333","profile_use_background_image":true,"default_profile":false,"default_profile_image":false,"following":null,"follow_request_sent":null,"notifications":null},"geo":null,"coordinates":null,"place":null,"contributors":null,"retweet_count":0,"entities":{"hashtags":[],"urls":[{"url":"http:\/\/t.co\/o6bT2q6p","expanded_url":"http:\/\/www.gamerbreed.com\/?p=207#.T7wPj4XS5bA.twitter","display_url":"gamerbreed.com\/?p=207#.T7wPj4\u2026","indices":[91,111]}],"user_mentions":[]},"favorited":false,"retweeted":false,"possibly_sensitive":false},{"created_at":"Tue May 22 21:01:04 +0000 2012","id":205040607528361984,"id_str":"205040607528361984","text":"GAMERBREED Promo video preview: http:\/\/t.co\/092RLDBi via @youtube","source":"\u003ca href=\"http:\/\/twitter.com\/tweetbutton\" rel=\"nofollow\"\u003eTweet Button\u003c\/a\u003e","truncated":false,"in_reply_to_status_id":null,"in_reply_to_status_id_str":null,"in_reply_to_user_id":null,"in_reply_to_user_id_str":null,"in_reply_to_screen_name":null,"user":{"id":529666855,"id_str":"529666855","name":"GAMERBREED","screen_name":"cmsgamerbreed","location":"","url":"http:\/\/www.gamerbreed.com","description":"GAMERBREED gives you the power to create your own original online text-based RPG on your server.","protected":false,"followers_count":206,"friends_count":513,"listed_count":6,"created_at":"Mon Mar 19 19:43:35 +0000 2012","favourites_count":0,"utc_offset":null,"time_zone":null,"geo_enabled":false,"verified":false,"statuses_count":39,"lang":"en","contributors_enabled":false,"is_translator":false,"profile_background_color":"131516","profile_background_image_url":"http:\/\/a0.twimg.com\/profile_background_images\/452955436\/bg.jpg","profile_background_image_url_https":"https:\/\/si0.twimg.com\/profile_background_images\/452955436\/bg.jpg","profile_background_tile":true,"profile_image_url":"http:\/\/a0.twimg.com\/profile_images\/1909665134\/logo_normal.jpg","profile_image_url_https":"https:\/\/si0.twimg.com\/profile_images\/1909665134\/logo_normal.jpg","profile_link_color":"009999","profile_sidebar_border_color":"C0DEED","profile_sidebar_fill_color":"DDEEF6","profile_text_color":"333333","profile_use_background_image":true,"default_profile":false,"default_profile_image":false,"following":null,"follow_request_sent":null,"notifications":null},"geo":null,"coordinates":null,"place":null,"contributors":null,"retweet_count":0,"entities":{"hashtags":[],"urls":[{"url":"http:\/\/t.co\/092RLDBi","expanded_url":"http:\/\/youtu.be\/wmLU85aIlhk","display_url":"youtu.be\/wmLU85aIlhk","indices":[32,52]}],"user_mentions":[{"screen_name":"YouTube","name":"YouTube","id":10228272,"id_str":"10228272","indices":[57,65]}]},"favorited":false,"retweeted":false,"possibly_sensitive":false},{"created_at":"Sun May 20 20:18:44 +0000 2012","id":204305177862344704,"id_str":"204305177862344704","text":"Shooting the promo video!! https:\/\/t.co\/tb1PXLMl","source":"web","truncated":false,"in_reply_to_status_id":null,"in_reply_to_status_id_str":null,"in_reply_to_user_id":null,"in_reply_to_user_id_str":null,"in_reply_to_screen_name":null,"user":{"id":529666855,"id_str":"529666855","name":"GAMERBREED","screen_name":"cmsgamerbreed","location":"","url":"http:\/\/www.gamerbreed.com","description":"GAMERBREED gives you the power to create your own original online text-based RPG on your server.","protected":false,"followers_count":206,"friends_count":513,"listed_count":6,"created_at":"Mon Mar 19 19:43:35 +0000 2012","favourites_count":0,"utc_offset":null,"time_zone":null,"geo_enabled":false,"verified":false,"statuses_count":39,"lang":"en","contributors_enabled":false,"is_translator":false,"profile_background_color":"131516","profile_background_image_url":"http:\/\/a0.twimg.com\/profile_background_images\/452955436\/bg.jpg","profile_background_image_url_https":"https:\/\/si0.twimg.com\/profile_background_images\/452955436\/bg.jpg","profile_background_tile":true,"profile_image_url":"http:\/\/a0.twimg.com\/profile_images\/1909665134\/logo_normal.jpg","profile_image_url_https":"https:\/\/si0.twimg.com\/profile_images\/1909665134\/logo_normal.jpg","profile_link_color":"009999","profile_sidebar_border_color":"C0DEED","profile_sidebar_fill_color":"DDEEF6","profile_text_color":"333333","profile_use_background_image":true,"default_profile":false,"default_profile_image":false,"following":null,"follow_request_sent":null,"notifications":null},"geo":null,"coordinates":null,"place":null,"contributors":null,"retweet_count":1,"entities":{"hashtags":[],"urls":[{"url":"https:\/\/t.co\/tb1PXLMl","expanded_url":"https:\/\/fbcdn-sphotos-a.akamaihd.net\/hphotos-ak-snc7\/p480x480\/295063_221062648012444_176837649101611_393676_450836265_n.jpg","display_url":"fbcdn-sphotos-a.akamaihd.net\/hphotos-ak-snc\u2026","indices":[27,48]}],"user_mentions":[]},"favorited":false,"retweeted":false,"possibly_sensitive":false},{"created_at":"Fri May 18 19:47:51 +0000 2012","id":203572628496191489,"id_str":"203572628496191489","text":"Weekly roundup #7.2: I can see the light! - GAMERBREED Game Creator - Make Your Own Game For Free!: http:\/\/t.co\/k25x5z4b","source":"\u003ca href=\"http:\/\/twitter.com\/tweetbutton\" rel=\"nofollow\"\u003eTweet Button\u003c\/a\u003e","truncated":false,"in_reply_to_status_id":null,"in_reply_to_status_id_str":null,"in_reply_to_user_id":null,"in_reply_to_user_id_str":null,"in_reply_to_screen_name":null,"user":{"id":529666855,"id_str":"529666855","name":"GAMERBREED","screen_name":"cmsgamerbreed","location":"","url":"http:\/\/www.gamerbreed.com","description":"GAMERBREED gives you the power to create your own original online text-based RPG on your server.","protected":false,"followers_count":206,"friends_count":513,"listed_count":6,"created_at":"Mon Mar 19 19:43:35 +0000 2012","favourites_count":0,"utc_offset":null,"time_zone":null,"geo_enabled":false,"verified":false,"statuses_count":39,"lang":"en","contributors_enabled":false,"is_translator":false,"profile_background_color":"131516","profile_background_image_url":"http:\/\/a0.twimg.com\/profile_background_images\/452955436\/bg.jpg","profile_background_image_url_https":"https:\/\/si0.twimg.com\/profile_background_images\/452955436\/bg.jpg","profile_background_tile":true,"profile_image_url":"http:\/\/a0.twimg.com\/profile_images\/1909665134\/logo_normal.jpg","profile_image_url_https":"https:\/\/si0.twimg.com\/profile_images\/1909665134\/logo_normal.jpg","profile_link_color":"009999","profile_sidebar_border_color":"C0DEED","profile_sidebar_fill_color":"DDEEF6","profile_text_color":"333333","profile_use_background_image":true,"default_profile":false,"default_profile_image":false,"following":null,"follow_request_sent":null,"notifications":null},"geo":null,"coordinates":null,"place":null,"contributors":null,"retweet_count":0,"entities":{"hashtags":[],"urls":[{"url":"http:\/\/t.co\/k25x5z4b","expanded_url":"http:\/\/www.gamerbreed.com\/2012\/05\/18\/weekly-roundup-7-2-light\/#.T7anOtQreMk.twitter","display_url":"gamerbreed.com\/2012\/05\/18\/wee\u2026","indices":[100,120]}],"user_mentions":[]},"favorited":false,"retweeted":false,"possibly_sensitive":false},{"created_at":"Mon May 14 19:58:16 +0000 2012","id":202125699274899458,"id_str":"202125699274899458","text":"Weekly roundup #7: the beat goes on - GAMERBREED Game Creator - Make Your Own Game For Free!: http:\/\/t.co\/sbamLRcX","source":"\u003ca href=\"http:\/\/twitter.com\/tweetbutton\" rel=\"nofollow\"\u003eTweet Button\u003c\/a\u003e","truncated":false,"in_reply_to_status_id":null,"in_reply_to_status_id_str":null,"in_reply_to_user_id":null,"in_reply_to_user_id_str":null,"in_reply_to_screen_name":null,"user":{"id":529666855,"id_str":"529666855","name":"GAMERBREED","screen_name":"cmsgamerbreed","location":"","url":"http:\/\/www.gamerbreed.com","description":"GAMERBREED gives you the power to create your own original online text-based RPG on your server.","protected":false,"followers_count":206,"friends_count":513,"listed_count":6,"created_at":"Mon Mar 19 19:43:35 +0000 2012","favourites_count":0,"utc_offset":null,"time_zone":null,"geo_enabled":false,"verified":false,"statuses_count":39,"lang":"en","contributors_enabled":false,"is_translator":false,"profile_background_color":"131516","profile_background_image_url":"http:\/\/a0.twimg.com\/profile_background_images\/452955436\/bg.jpg","profile_background_image_url_https":"https:\/\/si0.twimg.com\/profile_background_images\/452955436\/bg.jpg","profile_background_tile":true,"profile_image_url":"http:\/\/a0.twimg.com\/profile_images\/1909665134\/logo_normal.jpg","profile_image_url_https":"https:\/\/si0.twimg.com\/profile_images\/1909665134\/logo_normal.jpg","profile_link_color":"009999","profile_sidebar_border_color":"C0DEED","profile_sidebar_fill_color":"DDEEF6","profile_text_color":"333333","profile_use_background_image":true,"default_profile":false,"default_profile_image":false,"following":null,"follow_request_sent":null,"notifications":null},"geo":null,"coordinates":null,"place":null,"contributors":null,"retweet_count":0,"entities":{"hashtags":[],"urls":[{"url":"http:\/\/t.co\/sbamLRcX","expanded_url":"http:\/\/www.gamerbreed.com\/?p=162#.T7Fjhlb7cuA.twitter","display_url":"gamerbreed.com\/?p=162#.T7Fjhl\u2026","indices":[94,114]}],"user_mentions":[]},"favorited":false,"retweeted":false,"possibly_sensitive":false},{"created_at":"Tue May 08 21:41:14 +0000 2012","id":199977283904208897,"id_str":"199977283904208897","text":"Weekly update #6: research complete, now the fun begins: http:\/\/t.co\/tUHcJPvE","source":"\u003ca href=\"http:\/\/twitter.com\/tweetbutton\" rel=\"nofollow\"\u003eTweet Button\u003c\/a\u003e","truncated":false,"in_reply_to_status_id":null,"in_reply_to_status_id_str":null,"in_reply_to_user_id":null,"in_reply_to_user_id_str":null,"in_reply_to_screen_name":null,"user":{"id":529666855,"id_str":"529666855","name":"GAMERBREED","screen_name":"cmsgamerbreed","location":"","url":"http:\/\/www.gamerbreed.com","description":"GAMERBREED gives you the power to create your own original online text-based RPG on your server.","protected":false,"followers_count":206,"friends_count":513,"listed_count":6,"created_at":"Mon Mar 19 19:43:35 +0000 2012","favourites_count":0,"utc_offset":null,"time_zone":null,"geo_enabled":false,"verified":false,"statuses_count":39,"lang":"en","contributors_enabled":false,"is_translator":false,"profile_background_color":"131516","profile_background_image_url":"http:\/\/a0.twimg.com\/profile_background_images\/452955436\/bg.jpg","profile_background_image_url_https":"https:\/\/si0.twimg.com\/profile_background_images\/452955436\/bg.jpg","profile_background_tile":true,"profile_image_url":"http:\/\/a0.twimg.com\/profile_images\/1909665134\/logo_normal.jpg","profile_image_url_https":"https:\/\/si0.twimg.com\/profile_images\/1909665134\/logo_normal.jpg","profile_link_color":"009999","profile_sidebar_border_color":"C0DEED","profile_sidebar_fill_color":"DDEEF6","profile_text_color":"333333","profile_use_background_image":true,"default_profile":false,"default_profile_image":false,"following":null,"follow_request_sent":null,"notifications":null},"geo":null,"coordinates":null,"place":null,"contributors":null,"retweet_count":0,"entities":{"hashtags":[],"urls":[{"url":"http:\/\/t.co\/tUHcJPvE","expanded_url":"http:\/\/www.gamerbreed.com\/2012\/05\/08\/weekly-update-6-research-complete-fun-begins\/#.T6mS7Ins4N4.twitter","display_url":"gamerbreed.com\/2012\/05\/08\/wee\u2026","indices":[57,77]}],"user_mentions":[]},"favorited":false,"retweeted":false,"possibly_sensitive":false},{"created_at":"Fri May 04 14:54:31 +0000 2012","id":198425380246388736,"id_str":"198425380246388736","text":"@Jamie0Eaton thats some nice solid project you got there. Do you have some showcase videos?","source":"web","truncated":false,"in_reply_to_status_id":198423931097591808,"in_reply_to_status_id_str":"198423931097591808","in_reply_to_user_id":474899702,"in_reply_to_user_id_str":"474899702","in_reply_to_screen_name":"Jamie0Eaton","user":{"id":529666855,"id_str":"529666855","name":"GAMERBREED","screen_name":"cmsgamerbreed","location":"","url":"http:\/\/www.gamerbreed.com","description":"GAMERBREED gives you the power to create your own original online text-based RPG on your server.","protected":false,"followers_count":206,"friends_count":513,"listed_count":6,"created_at":"Mon Mar 19 19:43:35 +0000 2012","favourites_count":0,"utc_offset":null,"time_zone":null,"geo_enabled":false,"verified":false,"statuses_count":39,"lang":"en","contributors_enabled":false,"is_translator":false,"profile_background_color":"131516","profile_background_image_url":"http:\/\/a0.twimg.com\/profile_background_images\/452955436\/bg.jpg","profile_background_image_url_https":"https:\/\/si0.twimg.com\/profile_background_images\/452955436\/bg.jpg","profile_background_tile":true,"profile_image_url":"http:\/\/a0.twimg.com\/profile_images\/1909665134\/logo_normal.jpg","profile_image_url_https":"https:\/\/si0.twimg.com\/profile_images\/1909665134\/logo_normal.jpg","profile_link_color":"009999","profile_sidebar_border_color":"C0DEED","profile_sidebar_fill_color":"DDEEF6","profile_text_color":"333333","profile_use_background_image":true,"default_profile":false,"default_profile_image":false,"following":null,"follow_request_sent":null,"notifications":null},"geo":null,"coordinates":null,"place":null,"contributors":null,"retweet_count":0,"entities":{"hashtags":[],"urls":[],"user_mentions":[{"screen_name":"Jamie0Eaton","name":"Jamie Eaton","id":474899702,"id_str":"474899702","indices":[0,12]}]},"favorited":false,"retweeted":false}]