[{"created_at":"Thu Jan 31 22:52:45 +0000 2013","id":297115230843064320,"id_str":"297115230843064320","text":"@MarcRodriguez20 Make it the best hour of your day.","source":"\u003ca href=\"http:\/\/www.nike.com\" rel=\"nofollow\"\u003eNike Publisher\u003c\/a\u003e","truncated":false,"in_reply_to_status_id":297081391093518336,"in_reply_to_status_id_str":"297081391093518336","in_reply_to_user_id":9934692,"in_reply_to_user_id_str":"9934692","in_reply_to_screen_name":"MarcRodriguez20","user":{"id":415859364,"id_str":"415859364","name":"Nike","screen_name":"Nike","location":"Beaverton, Oregon","url":"http:\/\/www.nike.com","description":"If You Have A Body, You're An Athlete.","protected":false,"followers_count":880941,"friends_count":151,"listed_count":2663,"created_at":"Fri Nov 18 22:31:18 +0000 2011","favourites_count":235,"utc_offset":-28800,"time_zone":"Pacific Time (US & Canada)","geo_enabled":false,"verified":true,"statuses_count":11049,"lang":"en","contributors_enabled":true,"is_translator":false,"profile_background_color":"000000","profile_background_image_url":"http:\/\/a0.twimg.com\/profile_background_images\/766224033\/d2b2856be85ff18701d150f60be11ba5.jpeg","profile_background_image_url_https":"https:\/\/si0.twimg.com\/profile_background_images\/766224033\/d2b2856be85ff18701d150f60be11ba5.jpeg","profile_background_tile":false,"profile_image_url":"http:\/\/a0.twimg.com\/profile_images\/3034510733\/9123605c751f2335c6995beff88537b0_normal.jpeg","profile_image_url_https":"https:\/\/si0.twimg.com\/profile_images\/3034510733\/9123605c751f2335c6995beff88537b0_normal.jpeg","profile_banner_url":"https:\/\/si0.twimg.com\/profile_banners\/415859364\/1358442764","profile_link_color":"009999","profile_sidebar_border_color":"000000","profile_sidebar_fill_color":"EFEFEF","profile_text_color":"333333","profile_use_background_image":true,"default_profile":false,"default_profile_image":false,"following":null,"follow_request_sent":null,"notifications":null},"geo":null,"coordinates":null,"place":null,"contributors":null,"retweet_count":0,"entities":{"hashtags":[],"urls":[],"user_mentions":[{"screen_name":"MarcRodriguez20","name":"marc rodr\u00edguez","id":9934692,"id_str":"9934692","indices":[0,16]}]},"favorited":false,"retweeted":false},{"created_at":"Thu Jan 31 17:26:40 +0000 2013","id":297033166231855104,"id_str":"297033166231855104","text":"@turniptopia Others are sleeping. You and your family are moving. Sounds like a fun night.","source":"\u003ca href=\"http:\/\/www.nike.com\" rel=\"nofollow\"\u003eNike Publisher\u003c\/a\u003e","truncated":false,"in_reply_to_status_id":297028404551766017,"in_reply_to_status_id_str":"297028404551766017","in_reply_to_user_id":5783662,"in_reply_to_user_id_str":"5783662","in_reply_to_screen_name":"turniptopia","user":{"id":415859364,"id_str":"415859364","name":"Nike","screen_name":"Nike","location":"Beaverton, Oregon","url":"http:\/\/www.nike.com","description":"If You Have A Body, You're An Athlete.","protected":false,"followers_count":880941,"friends_count":151,"listed_count":2663,"created_at":"Fri Nov 18 22:31:18 +0000 2011","favourites_count":235,"utc_offset":-28800,"time_zone":"Pacific Time (US & Canada)","geo_enabled":false,"verified":true,"statuses_count":11049,"lang":"en","contributors_enabled":true,"is_translator":false,"profile_background_color":"000000","profile_background_image_url":"http:\/\/a0.twimg.com\/profile_background_images\/766224033\/d2b2856be85ff18701d150f60be11ba5.jpeg","profile_background_image_url_https":"https:\/\/si0.twimg.com\/profile_background_images\/766224033\/d2b2856be85ff18701d150f60be11ba5.jpeg","profile_background_tile":false,"profile_image_url":"http:\/\/a0.twimg.com\/profile_images\/3034510733\/9123605c751f2335c6995beff88537b0_normal.jpeg","profile_image_url_https":"https:\/\/si0.twimg.com\/profile_images\/3034510733\/9123605c751f2335c6995beff88537b0_normal.jpeg","profile_banner_url":"https:\/\/si0.twimg.com\/profile_banners\/415859364\/1358442764","profile_link_color":"009999","profile_sidebar_border_color":"000000","profile_sidebar_fill_color":"EFEFEF","profile_text_color":"333333","profile_use_background_image":true,"default_profile":false,"default_profile_image":false,"following":null,"follow_request_sent":null,"notifications":null},"geo":null,"coordinates":null,"place":null,"contributors":null,"retweet_count":0,"entities":{"hashtags":[],"urls":[],"user_mentions":[{"screen_name":"turniptopia","name":"thalia \ue054","id":5783662,"id_str":"5783662","indices":[0,12]}]},"favorited":false,"retweeted":false},{"created_at":"Thu Jan 31 16:59:04 +0000 2013","id":297026220070158336,"id_str":"297026220070158336","text":"@KAMAG5 Now's the perfect time to get back into it. Let us know how it goes.","source":"\u003ca href=\"http:\/\/www.nike.com\" rel=\"nofollow\"\u003eNike Publisher\u003c\/a\u003e","truncated":false,"in_reply_to_status_id":297025483156103168,"in_reply_to_status_id_str":"297025483156103168","in_reply_to_user_id":27589733,"in_reply_to_user_id_str":"27589733","in_reply_to_screen_name":"KAMAG5","user":{"id":415859364,"id_str":"415859364","name":"Nike","screen_name":"Nike","location":"Beaverton, Oregon","url":"http:\/\/www.nike.com","description":"If You Have A Body, You're An Athlete.","protected":false,"followers_count":880941,"friends_count":151,"listed_count":2663,"created_at":"Fri Nov 18 22:31:18 +0000 2011","favourites_count":235,"utc_offset":-28800,"time_zone":"Pacific Time (US & Canada)","geo_enabled":false,"verified":true,"statuses_count":11049,"lang":"en","contributors_enabled":true,"is_translator":false,"profile_background_color":"000000","profile_background_image_url":"http:\/\/a0.twimg.com\/profile_background_images\/766224033\/d2b2856be85ff18701d150f60be11ba5.jpeg","profile_background_image_url_https":"https:\/\/si0.twimg.com\/profile_background_images\/766224033\/d2b2856be85ff18701d150f60be11ba5.jpeg","profile_background_tile":false,"profile_image_url":"http:\/\/a0.twimg.com\/profile_images\/3034510733\/9123605c751f2335c6995beff88537b0_normal.jpeg","profile_image_url_https":"https:\/\/si0.twimg.com\/profile_images\/3034510733\/9123605c751f2335c6995beff88537b0_normal.jpeg","profile_banner_url":"https:\/\/si0.twimg.com\/profile_banners\/415859364\/1358442764","profile_link_color":"009999","profile_sidebar_border_color":"000000","profile_sidebar_fill_color":"EFEFEF","profile_text_color":"333333","profile_use_background_image":true,"default_profile":false,"default_profile_image":false,"following":null,"follow_request_sent":null,"notifications":null},"geo":null,"coordinates":null,"place":null,"contributors":null,"retweet_count":0,"entities":{"hashtags":[],"urls":[],"user_mentions":[{"screen_name":"KAMAG5","name":"KAMA AKA KAMIKAZE","id":27589733,"id_str":"27589733","indices":[0,7]}]},"favorited":false,"retweeted":false},{"created_at":"Thu Jan 31 16:19:30 +0000 2013","id":297016266080784384,"id_str":"297016266080784384","text":"@bighaty You have a goal. You have a deadline. All that's left is to make it happen.","source":"\u003ca href=\"http:\/\/www.nike.com\" rel=\"nofollow\"\u003eNike Publisher\u003c\/a\u003e","truncated":false,"in_reply_to_status_id":297014483153465346,"in_reply_to_status_id_str":"297014483153465346","in_reply_to_user_id":36336051,"in_reply_to_user_id_str":"36336051","in_reply_to_screen_name":"bighaty","user":{"id":415859364,"id_str":"415859364","name":"Nike","screen_name":"Nike","location":"Beaverton, Oregon","url":"http:\/\/www.nike.com","description":"If You Have A Body, You're An Athlete.","protected":false,"followers_count":880941,"friends_count":151,"listed_count":2663,"created_at":"Fri Nov 18 22:31:18 +0000 2011","favourites_count":235,"utc_offset":-28800,"time_zone":"Pacific Time (US & Canada)","geo_enabled":false,"verified":true,"statuses_count":11049,"lang":"en","contributors_enabled":true,"is_translator":false,"profile_background_color":"000000","profile_background_image_url":"http:\/\/a0.twimg.com\/profile_background_images\/766224033\/d2b2856be85ff18701d150f60be11ba5.jpeg","profile_background_image_url_https":"https:\/\/si0.twimg.com\/profile_background_images\/766224033\/d2b2856be85ff18701d150f60be11ba5.jpeg","profile_background_tile":false,"profile_image_url":"http:\/\/a0.twimg.com\/profile_images\/3034510733\/9123605c751f2335c6995beff88537b0_normal.jpeg","profile_image_url_https":"https:\/\/si0.twimg.com\/profile_images\/3034510733\/9123605c751f2335c6995beff88537b0_normal.jpeg","profile_banner_url":"https:\/\/si0.twimg.com\/profile_banners\/415859364\/1358442764","profile_link_color":"009999","profile_sidebar_border_color":"000000","profile_sidebar_fill_color":"EFEFEF","profile_text_color":"333333","profile_use_background_image":true,"default_profile":false,"default_profile_image":false,"following":null,"follow_request_sent":null,"notifications":null},"geo":null,"coordinates":null,"place":null,"contributors":null,"retweet_count":0,"entities":{"hashtags":[],"urls":[],"user_mentions":[{"screen_name":"bighaty","name":"Matt Van Dehaty","id":36336051,"id_str":"36336051","indices":[0,8]}]},"favorited":false,"retweeted":false},{"created_at":"Thu Jan 31 15:46:55 +0000 2013","id":297008065050464256,"id_str":"297008065050464256","text":"@AntonioKnoxx Finish January strong, then turn that week-long streak into a jaw-dropping February.","source":"\u003ca href=\"http:\/\/www.nike.com\" rel=\"nofollow\"\u003eNike Publisher\u003c\/a\u003e","truncated":false,"in_reply_to_status_id":296836658731548672,"in_reply_to_status_id_str":"296836658731548672","in_reply_to_user_id":31295460,"in_reply_to_user_id_str":"31295460","in_reply_to_screen_name":"AntonioKnoxx","user":{"id":415859364,"id_str":"415859364","name":"Nike","screen_name":"Nike","location":"Beaverton, Oregon","url":"http:\/\/www.nike.com","description":"If You Have A Body, You're An Athlete.","protected":false,"followers_count":880941,"friends_count":151,"listed_count":2663,"created_at":"Fri Nov 18 22:31:18 +0000 2011","favourites_count":235,"utc_offset":-28800,"time_zone":"Pacific Time (US & Canada)","geo_enabled":false,"verified":true,"statuses_count":11049,"lang":"en","contributors_enabled":true,"is_translator":false,"profile_background_color":"000000","profile_background_image_url":"http:\/\/a0.twimg.com\/profile_background_images\/766224033\/d2b2856be85ff18701d150f60be11ba5.jpeg","profile_background_image_url_https":"https:\/\/si0.twimg.com\/profile_background_images\/766224033\/d2b2856be85ff18701d150f60be11ba5.jpeg","profile_background_tile":false,"profile_image_url":"http:\/\/a0.twimg.com\/profile_images\/3034510733\/9123605c751f2335c6995beff88537b0_normal.jpeg","profile_image_url_https":"https:\/\/si0.twimg.com\/profile_images\/3034510733\/9123605c751f2335c6995beff88537b0_normal.jpeg","profile_banner_url":"https:\/\/si0.twimg.com\/profile_banners\/415859364\/1358442764","profile_link_color":"009999","profile_sidebar_border_color":"000000","profile_sidebar_fill_color":"EFEFEF","profile_text_color":"333333","profile_use_background_image":true,"default_profile":false,"default_profile_image":false,"following":null,"follow_request_sent":null,"notifications":null},"geo":null,"coordinates":null,"place":null,"contributors":null,"retweet_count":1,"entities":{"hashtags":[],"urls":[],"user_mentions":[{"screen_name":"AntonioKnoxx","name":"Antonio Knoxx.","id":31295460,"id_str":"31295460","indices":[0,13]}]},"favorited":false,"retweeted":false},{"created_at":"Thu Jan 31 15:45:20 +0000 2013","id":297007668558696448,"id_str":"297007668558696448","text":"@stevehenes1 One workout is good. Two is better. Three shows real dedication. Now go for 10K.","source":"\u003ca href=\"http:\/\/www.nike.com\" rel=\"nofollow\"\u003eNike Publisher\u003c\/a\u003e","truncated":false,"in_reply_to_status_id":296846388413751296,"in_reply_to_status_id_str":"296846388413751296","in_reply_to_user_id":206746359,"in_reply_to_user_id_str":"206746359","in_reply_to_screen_name":"stevehenes1","user":{"id":415859364,"id_str":"415859364","name":"Nike","screen_name":"Nike","location":"Beaverton, Oregon","url":"http:\/\/www.nike.com","description":"If You Have A Body, You're An Athlete.","protected":false,"followers_count":880941,"friends_count":151,"listed_count":2663,"created_at":"Fri Nov 18 22:31:18 +0000 2011","favourites_count":235,"utc_offset":-28800,"time_zone":"Pacific Time (US & Canada)","geo_enabled":false,"verified":true,"statuses_count":11049,"lang":"en","contributors_enabled":true,"is_translator":false,"profile_background_color":"000000","profile_background_image_url":"http:\/\/a0.twimg.com\/profile_background_images\/766224033\/d2b2856be85ff18701d150f60be11ba5.jpeg","profile_background_image_url_https":"https:\/\/si0.twimg.com\/profile_background_images\/766224033\/d2b2856be85ff18701d150f60be11ba5.jpeg","profile_background_tile":false,"profile_image_url":"http:\/\/a0.twimg.com\/profile_images\/3034510733\/9123605c751f2335c6995beff88537b0_normal.jpeg","profile_image_url_https":"https:\/\/si0.twimg.com\/profile_images\/3034510733\/9123605c751f2335c6995beff88537b0_normal.jpeg","profile_banner_url":"https:\/\/si0.twimg.com\/profile_banners\/415859364\/1358442764","profile_link_color":"009999","profile_sidebar_border_color":"000000","profile_sidebar_fill_color":"EFEFEF","profile_text_color":"333333","profile_use_background_image":true,"default_profile":false,"default_profile_image":false,"following":null,"follow_request_sent":null,"notifications":null},"geo":null,"coordinates":null,"place":null,"contributors":null,"retweet_count":1,"entities":{"hashtags":[],"urls":[],"user_mentions":[{"screen_name":"stevehenes1","name":"Steve-O G","id":206746359,"id_str":"206746359","indices":[0,12]}]},"favorited":false,"retweeted":false},{"created_at":"Thu Jan 31 15:42:50 +0000 2013","id":297007035361419264,"id_str":"297007035361419264","text":"@JessKantor You could either shy away or get right back at it. How will you respond?","source":"\u003ca href=\"http:\/\/www.nike.com\" rel=\"nofollow\"\u003eNike Publisher\u003c\/a\u003e","truncated":false,"in_reply_to_status_id":296957356049305600,"in_reply_to_status_id_str":"296957356049305600","in_reply_to_user_id":19072304,"in_reply_to_user_id_str":"19072304","in_reply_to_screen_name":"JessKantor","user":{"id":415859364,"id_str":"415859364","name":"Nike","screen_name":"Nike","location":"Beaverton, Oregon","url":"http:\/\/www.nike.com","description":"If You Have A Body, You're An Athlete.","protected":false,"followers_count":880941,"friends_count":151,"listed_count":2663,"created_at":"Fri Nov 18 22:31:18 +0000 2011","favourites_count":235,"utc_offset":-28800,"time_zone":"Pacific Time (US & Canada)","geo_enabled":false,"verified":true,"statuses_count":11049,"lang":"en","contributors_enabled":true,"is_translator":false,"profile_background_color":"000000","profile_background_image_url":"http:\/\/a0.twimg.com\/profile_background_images\/766224033\/d2b2856be85ff18701d150f60be11ba5.jpeg","profile_background_image_url_https":"https:\/\/si0.twimg.com\/profile_background_images\/766224033\/d2b2856be85ff18701d150f60be11ba5.jpeg","profile_background_tile":false,"profile_image_url":"http:\/\/a0.twimg.com\/profile_images\/3034510733\/9123605c751f2335c6995beff88537b0_normal.jpeg","profile_image_url_https":"https:\/\/si0.twimg.com\/profile_images\/3034510733\/9123605c751f2335c6995beff88537b0_normal.jpeg","profile_banner_url":"https:\/\/si0.twimg.com\/profile_banners\/415859364\/1358442764","profile_link_color":"009999","profile_sidebar_border_color":"000000","profile_sidebar_fill_color":"EFEFEF","profile_text_color":"333333","profile_use_background_image":true,"default_profile":false,"default_profile_image":false,"following":null,"follow_request_sent":null,"notifications":null},"geo":null,"coordinates":null,"place":null,"contributors":null,"retweet_count":0,"entities":{"hashtags":[],"urls":[],"user_mentions":[{"screen_name":"JessKantor","name":"Jessica Kantor","id":19072304,"id_str":"19072304","indices":[0,11]}]},"favorited":false,"retweeted":false},{"created_at":"Thu Jan 31 15:39:23 +0000 2013","id":297006170017787905,"id_str":"297006170017787905","text":"@milliemcclure Prove your statement true with a great run today. Get out there.","source":"\u003ca href=\"http:\/\/www.nike.com\" rel=\"nofollow\"\u003eNike Publisher\u003c\/a\u003e","truncated":false,"in_reply_to_status_id":296983824666095617,"in_reply_to_status_id_str":"296983824666095617","in_reply_to_user_id":109705948,"in_reply_to_user_id_str":"109705948","in_reply_to_screen_name":"milliemcclure","user":{"id":415859364,"id_str":"415859364","name":"Nike","screen_name":"Nike","location":"Beaverton, Oregon","url":"http:\/\/www.nike.com","description":"If You Have A Body, You're An Athlete.","protected":false,"followers_count":880941,"friends_count":151,"listed_count":2663,"created_at":"Fri Nov 18 22:31:18 +0000 2011","favourites_count":235,"utc_offset":-28800,"time_zone":"Pacific Time (US & Canada)","geo_enabled":false,"verified":true,"statuses_count":11049,"lang":"en","contributors_enabled":true,"is_translator":false,"profile_background_color":"000000","profile_background_image_url":"http:\/\/a0.twimg.com\/profile_background_images\/766224033\/d2b2856be85ff18701d150f60be11ba5.jpeg","profile_background_image_url_https":"https:\/\/si0.twimg.com\/profile_background_images\/766224033\/d2b2856be85ff18701d150f60be11ba5.jpeg","profile_background_tile":false,"profile_image_url":"http:\/\/a0.twimg.com\/profile_images\/3034510733\/9123605c751f2335c6995beff88537b0_normal.jpeg","profile_image_url_https":"https:\/\/si0.twimg.com\/profile_images\/3034510733\/9123605c751f2335c6995beff88537b0_normal.jpeg","profile_banner_url":"https:\/\/si0.twimg.com\/profile_banners\/415859364\/1358442764","profile_link_color":"009999","profile_sidebar_border_color":"000000","profile_sidebar_fill_color":"EFEFEF","profile_text_color":"333333","profile_use_background_image":true,"default_profile":false,"default_profile_image":false,"following":null,"follow_request_sent":null,"notifications":null},"geo":null,"coordinates":null,"place":null,"contributors":null,"retweet_count":0,"entities":{"hashtags":[],"urls":[],"user_mentions":[{"screen_name":"milliemcclure","name":"millie mcclure","id":109705948,"id_str":"109705948","indices":[0,14]}]},"favorited":false,"retweeted":false},{"created_at":"Thu Jan 31 15:38:31 +0000 2013","id":297005951888805888,"id_str":"297005951888805888","text":"@milliemcclure Prove your statement true with a great run today. Get out there.","source":"\u003ca href=\"http:\/\/www.nike.com\" rel=\"nofollow\"\u003eNike Publisher\u003c\/a\u003e","truncated":false,"in_reply_to_status_id":296983824666095617,"in_reply_to_status_id_str":"296983824666095617","in_reply_to_user_id":109705948,"in_reply_to_user_id_str":"109705948","in_reply_to_screen_name":"milliemcclure","user":{"id":415859364,"id_str":"415859364","name":"Nike","screen_name":"Nike","location":"Beaverton, Oregon","url":"http:\/\/www.nike.com","description":"If You Have A Body, You're An Athlete.","protected":false,"followers_count":880941,"friends_count":151,"listed_count":2663,"created_at":"Fri Nov 18 22:31:18 +0000 2011","favourites_count":235,"utc_offset":-28800,"time_zone":"Pacific Time (US & Canada)","geo_enabled":false,"verified":true,"statuses_count":11049,"lang":"en","contributors_enabled":true,"is_translator":false,"profile_background_color":"000000","profile_background_image_url":"http:\/\/a0.twimg.com\/profile_background_images\/766224033\/d2b2856be85ff18701d150f60be11ba5.jpeg","profile_background_image_url_https":"https:\/\/si0.twimg.com\/profile_background_images\/766224033\/d2b2856be85ff18701d150f60be11ba5.jpeg","profile_background_tile":false,"profile_image_url":"http:\/\/a0.twimg.com\/profile_images\/3034510733\/9123605c751f2335c6995beff88537b0_normal.jpeg","profile_image_url_https":"https:\/\/si0.twimg.com\/profile_images\/3034510733\/9123605c751f2335c6995beff88537b0_normal.jpeg","profile_banner_url":"https:\/\/si0.twimg.com\/profile_banners\/415859364\/1358442764","profile_link_color":"009999","profile_sidebar_border_color":"000000","profile_sidebar_fill_color":"EFEFEF","profile_text_color":"333333","profile_use_background_image":true,"default_profile":false,"default_profile_image":false,"following":null,"follow_request_sent":null,"notifications":null},"geo":null,"coordinates":null,"place":null,"contributors":null,"retweet_count":0,"entities":{"hashtags":[],"urls":[],"user_mentions":[{"screen_name":"milliemcclure","name":"millie mcclure","id":109705948,"id_str":"109705948","indices":[0,14]}]},"favorited":false,"retweeted":false},{"created_at":"Wed Jan 30 23:00:52 +0000 2013","id":296754883330183168,"id_str":"296754883330183168","text":"Design a Kobe 8 on @NIKEiD. Tweet &amp; tag your colorway #COUNTONKOBEiD. Mamba chooses one to wear on the home court. http:\/\/t.co\/hYNq5RUg","source":"\u003ca href=\"http:\/\/www.nike.com\" rel=\"nofollow\"\u003eNike Publisher\u003c\/a\u003e","truncated":false,"in_reply_to_status_id":null,"in_reply_to_status_id_str":null,"in_reply_to_user_id":null,"in_reply_to_user_id_str":null,"in_reply_to_screen_name":null,"user":{"id":415859364,"id_str":"415859364","name":"Nike","screen_name":"Nike","location":"Beaverton, Oregon","url":"http:\/\/www.nike.com","description":"If You Have A Body, You're An Athlete.","protected":false,"followers_count":880941,"friends_count":151,"listed_count":2663,"created_at":"Fri Nov 18 22:31:18 +0000 2011","favourites_count":235,"utc_offset":-28800,"time_zone":"Pacific Time (US & Canada)","geo_enabled":false,"verified":true,"statuses_count":11049,"lang":"en","contributors_enabled":true,"is_translator":false,"profile_background_color":"000000","profile_background_image_url":"http:\/\/a0.twimg.com\/profile_background_images\/766224033\/d2b2856be85ff18701d150f60be11ba5.jpeg","profile_background_image_url_https":"https:\/\/si0.twimg.com\/profile_background_images\/766224033\/d2b2856be85ff18701d150f60be11ba5.jpeg","profile_background_tile":false,"profile_image_url":"http:\/\/a0.twimg.com\/profile_images\/3034510733\/9123605c751f2335c6995beff88537b0_normal.jpeg","profile_image_url_https":"https:\/\/si0.twimg.com\/profile_images\/3034510733\/9123605c751f2335c6995beff88537b0_normal.jpeg","profile_banner_url":"https:\/\/si0.twimg.com\/profile_banners\/415859364\/1358442764","profile_link_color":"009999","profile_sidebar_border_color":"000000","profile_sidebar_fill_color":"EFEFEF","profile_text_color":"333333","profile_use_background_image":true,"default_profile":false,"default_profile_image":false,"following":null,"follow_request_sent":null,"notifications":null},"geo":null,"coordinates":null,"place":null,"contributors":null,"retweet_count":41,"entities":{"hashtags":[{"text":"COUNTONKOBEiD","indices":[58,72]}],"urls":[{"url":"http:\/\/t.co\/hYNq5RUg","expanded_url":"http:\/\/gonike.me\/6016VAhk","display_url":"gonike.me\/6016VAhk","indices":[119,139]}],"user_mentions":[{"screen_name":"NIKEiD","name":"NIKEiD","id":94366662,"id_str":"94366662","indices":[19,26]}]},"favorited":false,"retweeted":false,"possibly_sensitive":false},{"created_at":"Wed Jan 30 22:49:00 +0000 2013","id":296751899795918848,"id_str":"296751899795918848","text":"@alvie00 Wear them often. Treat them well. Go hard.","source":"\u003ca href=\"http:\/\/www.nike.com\" rel=\"nofollow\"\u003eNike Publisher\u003c\/a\u003e","truncated":false,"in_reply_to_status_id":296738331084062725,"in_reply_to_status_id_str":"296738331084062725","in_reply_to_user_id":172495115,"in_reply_to_user_id_str":"172495115","in_reply_to_screen_name":"alvie00","user":{"id":415859364,"id_str":"415859364","name":"Nike","screen_name":"Nike","location":"Beaverton, Oregon","url":"http:\/\/www.nike.com","description":"If You Have A Body, You're An Athlete.","protected":false,"followers_count":880941,"friends_count":151,"listed_count":2663,"created_at":"Fri Nov 18 22:31:18 +0000 2011","favourites_count":235,"utc_offset":-28800,"time_zone":"Pacific Time (US & Canada)","geo_enabled":false,"verified":true,"statuses_count":11049,"lang":"en","contributors_enabled":true,"is_translator":false,"profile_background_color":"000000","profile_background_image_url":"http:\/\/a0.twimg.com\/profile_background_images\/766224033\/d2b2856be85ff18701d150f60be11ba5.jpeg","profile_background_image_url_https":"https:\/\/si0.twimg.com\/profile_background_images\/766224033\/d2b2856be85ff18701d150f60be11ba5.jpeg","profile_background_tile":false,"profile_image_url":"http:\/\/a0.twimg.com\/profile_images\/3034510733\/9123605c751f2335c6995beff88537b0_normal.jpeg","profile_image_url_https":"https:\/\/si0.twimg.com\/profile_images\/3034510733\/9123605c751f2335c6995beff88537b0_normal.jpeg","profile_banner_url":"https:\/\/si0.twimg.com\/profile_banners\/415859364\/1358442764","profile_link_color":"009999","profile_sidebar_border_color":"000000","profile_sidebar_fill_color":"EFEFEF","profile_text_color":"333333","profile_use_background_image":true,"default_profile":false,"default_profile_image":false,"following":null,"follow_request_sent":null,"notifications":null},"geo":null,"coordinates":null,"place":null,"contributors":null,"retweet_count":1,"entities":{"hashtags":[],"urls":[],"user_mentions":[{"screen_name":"alvie00","name":"Alvie \u2665\u2660\u2666\u2663\u266a","id":172495115,"id_str":"172495115","indices":[0,8]}]},"favorited":false,"retweeted":false},{"created_at":"Wed Jan 30 16:02:13 +0000 2013","id":296649525848854528,"id_str":"296649525848854528","text":"@LisaByrne Looks like you didn't miss a step. Time to go above and beyond.","source":"\u003ca href=\"http:\/\/www.nike.com\" rel=\"nofollow\"\u003eNike Publisher\u003c\/a\u003e","truncated":false,"in_reply_to_status_id":296472433995694080,"in_reply_to_status_id_str":"296472433995694080","in_reply_to_user_id":240798167,"in_reply_to_user_id_str":"240798167","in_reply_to_screen_name":"LisaByrne","user":{"id":415859364,"id_str":"415859364","name":"Nike","screen_name":"Nike","location":"Beaverton, Oregon","url":"http:\/\/www.nike.com","description":"If You Have A Body, You're An Athlete.","protected":false,"followers_count":880941,"friends_count":151,"listed_count":2663,"created_at":"Fri Nov 18 22:31:18 +0000 2011","favourites_count":235,"utc_offset":-28800,"time_zone":"Pacific Time (US & Canada)","geo_enabled":false,"verified":true,"statuses_count":11049,"lang":"en","contributors_enabled":true,"is_translator":false,"profile_background_color":"000000","profile_background_image_url":"http:\/\/a0.twimg.com\/profile_background_images\/766224033\/d2b2856be85ff18701d150f60be11ba5.jpeg","profile_background_image_url_https":"https:\/\/si0.twimg.com\/profile_background_images\/766224033\/d2b2856be85ff18701d150f60be11ba5.jpeg","profile_background_tile":false,"profile_image_url":"http:\/\/a0.twimg.com\/profile_images\/3034510733\/9123605c751f2335c6995beff88537b0_normal.jpeg","profile_image_url_https":"https:\/\/si0.twimg.com\/profile_images\/3034510733\/9123605c751f2335c6995beff88537b0_normal.jpeg","profile_banner_url":"https:\/\/si0.twimg.com\/profile_banners\/415859364\/1358442764","profile_link_color":"009999","profile_sidebar_border_color":"000000","profile_sidebar_fill_color":"EFEFEF","profile_text_color":"333333","profile_use_background_image":true,"default_profile":false,"default_profile_image":false,"following":null,"follow_request_sent":null,"notifications":null},"geo":null,"coordinates":null,"place":null,"contributors":null,"retweet_count":0,"entities":{"hashtags":[],"urls":[],"user_mentions":[{"screen_name":"LisaByrne","name":"Lisa Byrne","id":240798167,"id_str":"240798167","indices":[0,10]}]},"favorited":false,"retweeted":false},{"created_at":"Wed Jan 30 15:46:48 +0000 2013","id":296645647984115713,"id_str":"296645647984115713","text":"@JustusPastor Your friends might be resting, but the competition never stops. Keep up and keep moving.","source":"\u003ca href=\"http:\/\/www.nike.com\" rel=\"nofollow\"\u003eNike Publisher\u003c\/a\u003e","truncated":false,"in_reply_to_status_id":296585472573050880,"in_reply_to_status_id_str":"296585472573050880","in_reply_to_user_id":347869121,"in_reply_to_user_id_str":"347869121","in_reply_to_screen_name":"JustusPastor","user":{"id":415859364,"id_str":"415859364","name":"Nike","screen_name":"Nike","location":"Beaverton, Oregon","url":"http:\/\/www.nike.com","description":"If You Have A Body, You're An Athlete.","protected":false,"followers_count":880941,"friends_count":151,"listed_count":2663,"created_at":"Fri Nov 18 22:31:18 +0000 2011","favourites_count":235,"utc_offset":-28800,"time_zone":"Pacific Time (US & Canada)","geo_enabled":false,"verified":true,"statuses_count":11049,"lang":"en","contributors_enabled":true,"is_translator":false,"profile_background_color":"000000","profile_background_image_url":"http:\/\/a0.twimg.com\/profile_background_images\/766224033\/d2b2856be85ff18701d150f60be11ba5.jpeg","profile_background_image_url_https":"https:\/\/si0.twimg.com\/profile_background_images\/766224033\/d2b2856be85ff18701d150f60be11ba5.jpeg","profile_background_tile":false,"profile_image_url":"http:\/\/a0.twimg.com\/profile_images\/3034510733\/9123605c751f2335c6995beff88537b0_normal.jpeg","profile_image_url_https":"https:\/\/si0.twimg.com\/profile_images\/3034510733\/9123605c751f2335c6995beff88537b0_normal.jpeg","profile_banner_url":"https:\/\/si0.twimg.com\/profile_banners\/415859364\/1358442764","profile_link_color":"009999","profile_sidebar_border_color":"000000","profile_sidebar_fill_color":"EFEFEF","profile_text_color":"333333","profile_use_background_image":true,"default_profile":false,"default_profile_image":false,"following":null,"follow_request_sent":null,"notifications":null},"geo":null,"coordinates":null,"place":null,"contributors":null,"retweet_count":2,"entities":{"hashtags":[],"urls":[],"user_mentions":[{"screen_name":"JustusPastor","name":"B\u20acAU","id":347869121,"id_str":"347869121","indices":[0,13]}]},"favorited":false,"retweeted":false},{"created_at":"Wed Jan 30 15:38:06 +0000 2013","id":296643459572453377,"id_str":"296643459572453377","text":"@JedwardCullen_ A marathon is more than just a day. Are you ready for everything that leads up to the rewarding 26.2?","source":"\u003ca href=\"http:\/\/www.nike.com\" rel=\"nofollow\"\u003eNike Publisher\u003c\/a\u003e","truncated":false,"in_reply_to_status_id":296590196303069185,"in_reply_to_status_id_str":"296590196303069185","in_reply_to_user_id":79706923,"in_reply_to_user_id_str":"79706923","in_reply_to_screen_name":"JedwardCullen_","user":{"id":415859364,"id_str":"415859364","name":"Nike","screen_name":"Nike","location":"Beaverton, Oregon","url":"http:\/\/www.nike.com","description":"If You Have A Body, You're An Athlete.","protected":false,"followers_count":880941,"friends_count":151,"listed_count":2663,"created_at":"Fri Nov 18 22:31:18 +0000 2011","favourites_count":235,"utc_offset":-28800,"time_zone":"Pacific Time (US & Canada)","geo_enabled":false,"verified":true,"statuses_count":11049,"lang":"en","contributors_enabled":true,"is_translator":false,"profile_background_color":"000000","profile_background_image_url":"http:\/\/a0.twimg.com\/profile_background_images\/766224033\/d2b2856be85ff18701d150f60be11ba5.jpeg","profile_background_image_url_https":"https:\/\/si0.twimg.com\/profile_background_images\/766224033\/d2b2856be85ff18701d150f60be11ba5.jpeg","profile_background_tile":false,"profile_image_url":"http:\/\/a0.twimg.com\/profile_images\/3034510733\/9123605c751f2335c6995beff88537b0_normal.jpeg","profile_image_url_https":"https:\/\/si0.twimg.com\/profile_images\/3034510733\/9123605c751f2335c6995beff88537b0_normal.jpeg","profile_banner_url":"https:\/\/si0.twimg.com\/profile_banners\/415859364\/1358442764","profile_link_color":"009999","profile_sidebar_border_color":"000000","profile_sidebar_fill_color":"EFEFEF","profile_text_color":"333333","profile_use_background_image":true,"default_profile":false,"default_profile_image":false,"following":null,"follow_request_sent":null,"notifications":null},"geo":null,"coordinates":null,"place":null,"contributors":null,"retweet_count":0,"entities":{"hashtags":[],"urls":[],"user_mentions":[{"screen_name":"JedwardCullen_","name":"Jed Cruz","id":79706923,"id_str":"79706923","indices":[0,15]}]},"favorited":false,"retweeted":false},{"created_at":"Wed Jan 30 15:26:39 +0000 2013","id":296640575267024897,"id_str":"296640575267024897","text":"@jkbeamer Looks like you're ready to go over 1,000. Workout No. 4 is on deck.","source":"\u003ca href=\"http:\/\/www.nike.com\" rel=\"nofollow\"\u003eNike Publisher\u003c\/a\u003e","truncated":false,"in_reply_to_status_id":296616942675038208,"in_reply_to_status_id_str":"296616942675038208","in_reply_to_user_id":1025259960,"in_reply_to_user_id_str":"1025259960","in_reply_to_screen_name":"jkbeamer","user":{"id":415859364,"id_str":"415859364","name":"Nike","screen_name":"Nike","location":"Beaverton, Oregon","url":"http:\/\/www.nike.com","description":"If You Have A Body, You're An Athlete.","protected":false,"followers_count":880941,"friends_count":151,"listed_count":2663,"created_at":"Fri Nov 18 22:31:18 +0000 2011","favourites_count":235,"utc_offset":-28800,"time_zone":"Pacific Time (US & Canada)","geo_enabled":false,"verified":true,"statuses_count":11049,"lang":"en","contributors_enabled":true,"is_translator":false,"profile_background_color":"000000","profile_background_image_url":"http:\/\/a0.twimg.com\/profile_background_images\/766224033\/d2b2856be85ff18701d150f60be11ba5.jpeg","profile_background_image_url_https":"https:\/\/si0.twimg.com\/profile_background_images\/766224033\/d2b2856be85ff18701d150f60be11ba5.jpeg","profile_background_tile":false,"profile_image_url":"http:\/\/a0.twimg.com\/profile_images\/3034510733\/9123605c751f2335c6995beff88537b0_normal.jpeg","profile_image_url_https":"https:\/\/si0.twimg.com\/profile_images\/3034510733\/9123605c751f2335c6995beff88537b0_normal.jpeg","profile_banner_url":"https:\/\/si0.twimg.com\/profile_banners\/415859364\/1358442764","profile_link_color":"009999","profile_sidebar_border_color":"000000","profile_sidebar_fill_color":"EFEFEF","profile_text_color":"333333","profile_use_background_image":true,"default_profile":false,"default_profile_image":false,"following":null,"follow_request_sent":null,"notifications":null},"geo":null,"coordinates":null,"place":null,"contributors":null,"retweet_count":0,"entities":{"hashtags":[],"urls":[],"user_mentions":[{"screen_name":"jkbeamer","name":"Justin Beam","id":1025259960,"id_str":"1025259960","indices":[0,9]}]},"favorited":false,"retweeted":false},{"created_at":"Tue Jan 29 20:51:01 +0000 2013","id":296359819391168512,"id_str":"296359819391168512","text":"Go next level with @NikeProTraining. Winning starts here.\nhttp:\/\/t.co\/qcpa9iQ2","source":"\u003ca href=\"http:\/\/www.nike.com\" rel=\"nofollow\"\u003eNike Publisher\u003c\/a\u003e","truncated":false,"in_reply_to_status_id":null,"in_reply_to_status_id_str":null,"in_reply_to_user_id":null,"in_reply_to_user_id_str":null,"in_reply_to_screen_name":null,"user":{"id":415859364,"id_str":"415859364","name":"Nike","screen_name":"Nike","location":"Beaverton, Oregon","url":"http:\/\/www.nike.com","description":"If You Have A Body, You're An Athlete.","protected":false,"followers_count":880941,"friends_count":151,"listed_count":2663,"created_at":"Fri Nov 18 22:31:18 +0000 2011","favourites_count":235,"utc_offset":-28800,"time_zone":"Pacific Time (US & Canada)","geo_enabled":false,"verified":true,"statuses_count":11049,"lang":"en","contributors_enabled":true,"is_translator":false,"profile_background_color":"000000","profile_background_image_url":"http:\/\/a0.twimg.com\/profile_background_images\/766224033\/d2b2856be85ff18701d150f60be11ba5.jpeg","profile_background_image_url_https":"https:\/\/si0.twimg.com\/profile_background_images\/766224033\/d2b2856be85ff18701d150f60be11ba5.jpeg","profile_background_tile":false,"profile_image_url":"http:\/\/a0.twimg.com\/profile_images\/3034510733\/9123605c751f2335c6995beff88537b0_normal.jpeg","profile_image_url_https":"https:\/\/si0.twimg.com\/profile_images\/3034510733\/9123605c751f2335c6995beff88537b0_normal.jpeg","profile_banner_url":"https:\/\/si0.twimg.com\/profile_banners\/415859364\/1358442764","profile_link_color":"009999","profile_sidebar_border_color":"000000","profile_sidebar_fill_color":"EFEFEF","profile_text_color":"333333","profile_use_background_image":true,"default_profile":false,"default_profile_image":false,"following":null,"follow_request_sent":null,"notifications":null},"geo":null,"coordinates":null,"place":null,"contributors":null,"retweet_count":91,"entities":{"hashtags":[],"urls":[{"url":"http:\/\/t.co\/qcpa9iQ2","expanded_url":"http:\/\/youtu.be\/xa_utR5emDM","display_url":"youtu.be\/xa_utR5emDM","indices":[58,78]}],"user_mentions":[{"screen_name":"nikeprotraining","name":"Nike Pro Training","id":610450858,"id_str":"610450858","indices":[19,35]}]},"favorited":false,"retweeted":false,"possibly_sensitive":false},{"created_at":"Tue Jan 29 19:48:02 +0000 2013","id":296343966910148608,"id_str":"296343966910148608","text":"@DanielleWolfe Toy or tool for success?","source":"\u003ca href=\"http:\/\/www.nike.com\" rel=\"nofollow\"\u003eNike Publisher\u003c\/a\u003e","truncated":false,"in_reply_to_status_id":296341192826843136,"in_reply_to_status_id_str":"296341192826843136","in_reply_to_user_id":15210236,"in_reply_to_user_id_str":"15210236","in_reply_to_screen_name":"DanielleWolfe","user":{"id":415859364,"id_str":"415859364","name":"Nike","screen_name":"Nike","location":"Beaverton, Oregon","url":"http:\/\/www.nike.com","description":"If You Have A Body, You're An Athlete.","protected":false,"followers_count":880941,"friends_count":151,"listed_count":2663,"created_at":"Fri Nov 18 22:31:18 +0000 2011","favourites_count":235,"utc_offset":-28800,"time_zone":"Pacific Time (US & Canada)","geo_enabled":false,"verified":true,"statuses_count":11049,"lang":"en","contributors_enabled":true,"is_translator":false,"profile_background_color":"000000","profile_background_image_url":"http:\/\/a0.twimg.com\/profile_background_images\/766224033\/d2b2856be85ff18701d150f60be11ba5.jpeg","profile_background_image_url_https":"https:\/\/si0.twimg.com\/profile_background_images\/766224033\/d2b2856be85ff18701d150f60be11ba5.jpeg","profile_background_tile":false,"profile_image_url":"http:\/\/a0.twimg.com\/profile_images\/3034510733\/9123605c751f2335c6995beff88537b0_normal.jpeg","profile_image_url_https":"https:\/\/si0.twimg.com\/profile_images\/3034510733\/9123605c751f2335c6995beff88537b0_normal.jpeg","profile_banner_url":"https:\/\/si0.twimg.com\/profile_banners\/415859364\/1358442764","profile_link_color":"009999","profile_sidebar_border_color":"000000","profile_sidebar_fill_color":"EFEFEF","profile_text_color":"333333","profile_use_background_image":true,"default_profile":false,"default_profile_image":false,"following":null,"follow_request_sent":null,"notifications":null},"geo":null,"coordinates":null,"place":null,"contributors":null,"retweet_count":0,"entities":{"hashtags":[],"urls":[],"user_mentions":[{"screen_name":"DanielleWolfe","name":"DanielleWolfe","id":15210236,"id_str":"15210236","indices":[0,14]}]},"favorited":false,"retweeted":false},{"created_at":"Tue Jan 29 16:49:05 +0000 2013","id":296298935138529280,"id_str":"296298935138529280","text":"@jkbeamer Two workouts in and begging for more. Let's see what Day 3 has in store.","source":"\u003ca href=\"http:\/\/www.nike.com\" rel=\"nofollow\"\u003eNike Publisher\u003c\/a\u003e","truncated":false,"in_reply_to_status_id":296296781136936960,"in_reply_to_status_id_str":"296296781136936960","in_reply_to_user_id":1025259960,"in_reply_to_user_id_str":"1025259960","in_reply_to_screen_name":"jkbeamer","user":{"id":415859364,"id_str":"415859364","name":"Nike","screen_name":"Nike","location":"Beaverton, Oregon","url":"http:\/\/www.nike.com","description":"If You Have A Body, You're An Athlete.","protected":false,"followers_count":880941,"friends_count":151,"listed_count":2663,"created_at":"Fri Nov 18 22:31:18 +0000 2011","favourites_count":235,"utc_offset":-28800,"time_zone":"Pacific Time (US & Canada)","geo_enabled":false,"verified":true,"statuses_count":11049,"lang":"en","contributors_enabled":true,"is_translator":false,"profile_background_color":"000000","profile_background_image_url":"http:\/\/a0.twimg.com\/profile_background_images\/766224033\/d2b2856be85ff18701d150f60be11ba5.jpeg","profile_background_image_url_https":"https:\/\/si0.twimg.com\/profile_background_images\/766224033\/d2b2856be85ff18701d150f60be11ba5.jpeg","profile_background_tile":false,"profile_image_url":"http:\/\/a0.twimg.com\/profile_images\/3034510733\/9123605c751f2335c6995beff88537b0_normal.jpeg","profile_image_url_https":"https:\/\/si0.twimg.com\/profile_images\/3034510733\/9123605c751f2335c6995beff88537b0_normal.jpeg","profile_banner_url":"https:\/\/si0.twimg.com\/profile_banners\/415859364\/1358442764","profile_link_color":"009999","profile_sidebar_border_color":"000000","profile_sidebar_fill_color":"EFEFEF","profile_text_color":"333333","profile_use_background_image":true,"default_profile":false,"default_profile_image":false,"following":null,"follow_request_sent":null,"notifications":null},"geo":null,"coordinates":null,"place":null,"contributors":null,"retweet_count":1,"entities":{"hashtags":[],"urls":[],"user_mentions":[{"screen_name":"jkbeamer","name":"Justin Beam","id":1025259960,"id_str":"1025259960","indices":[0,9]}]},"favorited":false,"retweeted":false},{"created_at":"Tue Jan 29 16:33:15 +0000 2013","id":296294950302261250,"id_str":"296294950302261250","text":"@clemsongirl1979 Just a couple runs left. Will you get there by the end of the week?","source":"\u003ca href=\"http:\/\/www.nike.com\" rel=\"nofollow\"\u003eNike Publisher\u003c\/a\u003e","truncated":false,"in_reply_to_status_id":296292843625009153,"in_reply_to_status_id_str":"296292843625009153","in_reply_to_user_id":63768788,"in_reply_to_user_id_str":"63768788","in_reply_to_screen_name":"clemsongirl1979","user":{"id":415859364,"id_str":"415859364","name":"Nike","screen_name":"Nike","location":"Beaverton, Oregon","url":"http:\/\/www.nike.com","description":"If You Have A Body, You're An Athlete.","protected":false,"followers_count":880941,"friends_count":151,"listed_count":2663,"created_at":"Fri Nov 18 22:31:18 +0000 2011","favourites_count":235,"utc_offset":-28800,"time_zone":"Pacific Time (US & Canada)","geo_enabled":false,"verified":true,"statuses_count":11049,"lang":"en","contributors_enabled":true,"is_translator":false,"profile_background_color":"000000","profile_background_image_url":"http:\/\/a0.twimg.com\/profile_background_images\/766224033\/d2b2856be85ff18701d150f60be11ba5.jpeg","profile_background_image_url_https":"https:\/\/si0.twimg.com\/profile_background_images\/766224033\/d2b2856be85ff18701d150f60be11ba5.jpeg","profile_background_tile":false,"profile_image_url":"http:\/\/a0.twimg.com\/profile_images\/3034510733\/9123605c751f2335c6995beff88537b0_normal.jpeg","profile_image_url_https":"https:\/\/si0.twimg.com\/profile_images\/3034510733\/9123605c751f2335c6995beff88537b0_normal.jpeg","profile_banner_url":"https:\/\/si0.twimg.com\/profile_banners\/415859364\/1358442764","profile_link_color":"009999","profile_sidebar_border_color":"000000","profile_sidebar_fill_color":"EFEFEF","profile_text_color":"333333","profile_use_background_image":true,"default_profile":false,"default_profile_image":false,"following":null,"follow_request_sent":null,"notifications":null},"geo":null,"coordinates":null,"place":null,"contributors":null,"retweet_count":0,"entities":{"hashtags":[],"urls":[],"user_mentions":[{"screen_name":"clemsongirl1979","name":"Iris Wall","id":63768788,"id_str":"63768788","indices":[0,16]}]},"favorited":false,"retweeted":false},{"created_at":"Tue Jan 29 16:20:22 +0000 2013","id":296291706658254849,"id_str":"296291706658254849","text":"@dcborn61 Not every run is perfect. But each time out is a step in the right direction.","source":"\u003ca href=\"http:\/\/www.nike.com\" rel=\"nofollow\"\u003eNike Publisher\u003c\/a\u003e","truncated":false,"in_reply_to_status_id":296234425799278594,"in_reply_to_status_id_str":"296234425799278594","in_reply_to_user_id":16421691,"in_reply_to_user_id_str":"16421691","in_reply_to_screen_name":"dcborn61","user":{"id":415859364,"id_str":"415859364","name":"Nike","screen_name":"Nike","location":"Beaverton, Oregon","url":"http:\/\/www.nike.com","description":"If You Have A Body, You're An Athlete.","protected":false,"followers_count":880941,"friends_count":151,"listed_count":2663,"created_at":"Fri Nov 18 22:31:18 +0000 2011","favourites_count":235,"utc_offset":-28800,"time_zone":"Pacific Time (US & Canada)","geo_enabled":false,"verified":true,"statuses_count":11049,"lang":"en","contributors_enabled":true,"is_translator":false,"profile_background_color":"000000","profile_background_image_url":"http:\/\/a0.twimg.com\/profile_background_images\/766224033\/d2b2856be85ff18701d150f60be11ba5.jpeg","profile_background_image_url_https":"https:\/\/si0.twimg.com\/profile_background_images\/766224033\/d2b2856be85ff18701d150f60be11ba5.jpeg","profile_background_tile":false,"profile_image_url":"http:\/\/a0.twimg.com\/profile_images\/3034510733\/9123605c751f2335c6995beff88537b0_normal.jpeg","profile_image_url_https":"https:\/\/si0.twimg.com\/profile_images\/3034510733\/9123605c751f2335c6995beff88537b0_normal.jpeg","profile_banner_url":"https:\/\/si0.twimg.com\/profile_banners\/415859364\/1358442764","profile_link_color":"009999","profile_sidebar_border_color":"000000","profile_sidebar_fill_color":"EFEFEF","profile_text_color":"333333","profile_use_background_image":true,"default_profile":false,"default_profile_image":false,"following":null,"follow_request_sent":null,"notifications":null},"geo":null,"coordinates":null,"place":null,"contributors":null,"retweet_count":1,"entities":{"hashtags":[],"urls":[],"user_mentions":[{"screen_name":"dcborn61","name":"David Heyman","id":16421691,"id_str":"16421691","indices":[0,9]}]},"favorited":false,"retweeted":false}]