[{"created_at":"Thu Dec 27 10:16:53 +0000 2012","id":284241434192793600,"id_str":"284241434192793600","text":"http:\/\/122.160.12.181\/project\/orizon\/","source":"\u003ca href=\"http:\/\/twitter.com\/tweetbutton\" rel=\"nofollow\"\u003eTweet Button\u003c\/a\u003e","truncated":false,"in_reply_to_status_id":null,"in_reply_to_status_id_str":null,"in_reply_to_user_id":null,"in_reply_to_user_id_str":null,"in_reply_to_screen_name":null,"user":{"id":725290159,"id_str":"725290159","name":"parveen","screen_name":"ParveenCql","location":"","url":null,"description":"","protected":false,"followers_count":2,"friends_count":9,"listed_count":0,"created_at":"Mon Jul 30 04:39:19 +0000 2012","favourites_count":0,"utc_offset":null,"time_zone":null,"geo_enabled":false,"verified":false,"statuses_count":14,"lang":"en","contributors_enabled":false,"is_translator":false,"profile_background_color":"C0DEED","profile_background_image_url":"http:\/\/a0.twimg.com\/images\/themes\/theme1\/bg.png","profile_background_image_url_https":"https:\/\/si0.twimg.com\/images\/themes\/theme1\/bg.png","profile_background_tile":false,"profile_image_url":"http:\/\/a0.twimg.com\/sticky\/default_profile_images\/default_profile_6_normal.png","profile_image_url_https":"https:\/\/si0.twimg.com\/sticky\/default_profile_images\/default_profile_6_normal.png","profile_link_color":"0084B4","profile_sidebar_border_color":"C0DEED","profile_sidebar_fill_color":"DDEEF6","profile_text_color":"333333","profile_use_background_image":true,"default_profile":true,"default_profile_image":true,"following":null,"follow_request_sent":null,"notifications":null},"geo":null,"coordinates":null,"place":null,"contributors":null,"retweet_count":0,"entities":{"hashtags":[],"urls":[],"user_mentions":[]},"favorited":false,"retweeted":false},{"created_at":"Thu Dec 27 09:44:21 +0000 2012","id":284233246475182080,"id_str":"284233246475182080","text":"http:\/\/122.160.12.181\/project\/orizon\/post-list\/page\/3\/","source":"\u003ca href=\"http:\/\/twitter.com\/tweetbutton\" rel=\"nofollow\"\u003eTweet Button\u003c\/a\u003e","truncated":false,"in_reply_to_status_id":null,"in_reply_to_status_id_str":null,"in_reply_to_user_id":null,"in_reply_to_user_id_str":null,"in_reply_to_screen_name":null,"user":{"id":725290159,"id_str":"725290159","name":"parveen","screen_name":"ParveenCql","location":"","url":null,"description":"","protected":false,"followers_count":2,"friends_count":9,"listed_count":0,"created_at":"Mon Jul 30 04:39:19 +0000 2012","favourites_count":0,"utc_offset":null,"time_zone":null,"geo_enabled":false,"verified":false,"statuses_count":14,"lang":"en","contributors_enabled":false,"is_translator":false,"profile_background_color":"C0DEED","profile_background_image_url":"http:\/\/a0.twimg.com\/images\/themes\/theme1\/bg.png","profile_background_image_url_https":"https:\/\/si0.twimg.com\/images\/themes\/theme1\/bg.png","profile_background_tile":false,"profile_image_url":"http:\/\/a0.twimg.com\/sticky\/default_profile_images\/default_profile_6_normal.png","profile_image_url_https":"https:\/\/si0.twimg.com\/sticky\/default_profile_images\/default_profile_6_normal.png","profile_link_color":"0084B4","profile_sidebar_border_color":"C0DEED","profile_sidebar_fill_color":"DDEEF6","profile_text_color":"333333","profile_use_background_image":true,"default_profile":true,"default_profile_image":true,"following":null,"follow_request_sent":null,"notifications":null},"geo":null,"coordinates":null,"place":null,"contributors":null,"retweet_count":0,"entities":{"hashtags":[],"urls":[],"user_mentions":[]},"favorited":false,"retweeted":false},{"created_at":"Thu Dec 27 09:43:11 +0000 2012","id":284232953368829952,"id_str":"284232953368829952","text":"http:\/\/122.160.12.181\/project\/orizon\/post-list\/","source":"\u003ca href=\"http:\/\/twitter.com\/tweetbutton\" rel=\"nofollow\"\u003eTweet Button\u003c\/a\u003e","truncated":false,"in_reply_to_status_id":null,"in_reply_to_status_id_str":null,"in_reply_to_user_id":null,"in_reply_to_user_id_str":null,"in_reply_to_screen_name":null,"user":{"id":725290159,"id_str":"725290159","name":"parveen","screen_name":"ParveenCql","location":"","url":null,"description":"","protected":false,"followers_count":2,"friends_count":9,"listed_count":0,"created_at":"Mon Jul 30 04:39:19 +0000 2012","favourites_count":0,"utc_offset":null,"time_zone":null,"geo_enabled":false,"verified":false,"statuses_count":14,"lang":"en","contributors_enabled":false,"is_translator":false,"profile_background_color":"C0DEED","profile_background_image_url":"http:\/\/a0.twimg.com\/images\/themes\/theme1\/bg.png","profile_background_image_url_https":"https:\/\/si0.twimg.com\/images\/themes\/theme1\/bg.png","profile_background_tile":false,"profile_image_url":"http:\/\/a0.twimg.com\/sticky\/default_profile_images\/default_profile_6_normal.png","profile_image_url_https":"https:\/\/si0.twimg.com\/sticky\/default_profile_images\/default_profile_6_normal.png","profile_link_color":"0084B4","profile_sidebar_border_color":"C0DEED","profile_sidebar_fill_color":"DDEEF6","profile_text_color":"333333","profile_use_background_image":true,"default_profile":true,"default_profile_image":true,"following":null,"follow_request_sent":null,"notifications":null},"geo":null,"coordinates":null,"place":null,"contributors":null,"retweet_count":0,"entities":{"hashtags":[],"urls":[],"user_mentions":[]},"favorited":false,"retweeted":false},{"created_at":"Thu Dec 27 09:19:32 +0000 2012","id":284227001223618560,"id_str":"284227001223618560","text":"https:\/\/t.co\/6S0USjVI","source":"\u003ca href=\"http:\/\/twitter.com\/tweetbutton\" rel=\"nofollow\"\u003eTweet Button\u003c\/a\u003e","truncated":false,"in_reply_to_status_id":null,"in_reply_to_status_id_str":null,"in_reply_to_user_id":null,"in_reply_to_user_id_str":null,"in_reply_to_screen_name":null,"user":{"id":725290159,"id_str":"725290159","name":"parveen","screen_name":"ParveenCql","location":"","url":null,"description":"","protected":false,"followers_count":2,"friends_count":9,"listed_count":0,"created_at":"Mon Jul 30 04:39:19 +0000 2012","favourites_count":0,"utc_offset":null,"time_zone":null,"geo_enabled":false,"verified":false,"statuses_count":14,"lang":"en","contributors_enabled":false,"is_translator":false,"profile_background_color":"C0DEED","profile_background_image_url":"http:\/\/a0.twimg.com\/images\/themes\/theme1\/bg.png","profile_background_image_url_https":"https:\/\/si0.twimg.com\/images\/themes\/theme1\/bg.png","profile_background_tile":false,"profile_image_url":"http:\/\/a0.twimg.com\/sticky\/default_profile_images\/default_profile_6_normal.png","profile_image_url_https":"https:\/\/si0.twimg.com\/sticky\/default_profile_images\/default_profile_6_normal.png","profile_link_color":"0084B4","profile_sidebar_border_color":"C0DEED","profile_sidebar_fill_color":"DDEEF6","profile_text_color":"333333","profile_use_background_image":true,"default_profile":true,"default_profile_image":true,"following":null,"follow_request_sent":null,"notifications":null},"geo":null,"coordinates":null,"place":null,"contributors":null,"retweet_count":0,"entities":{"hashtags":[],"urls":[{"url":"https:\/\/t.co\/6S0USjVI","expanded_url":"https:\/\/dev.twitter.com\/pages\/tweet-button","display_url":"dev.twitter.com\/pages\/tweet-bu\u2026","indices":[0,21]}],"user_mentions":[]},"favorited":false,"retweeted":false,"possibly_sensitive":false},{"created_at":"Sat Nov 24 04:57:13 +0000 2012","id":272202186186969088,"id_str":"272202186186969088","text":"done","source":"\u003ca href=\"http:\/\/122.160.12.181\/project\/tweetlogin\/\" rel=\"nofollow\"\u003enewtweetlogin\u003c\/a\u003e","truncated":false,"in_reply_to_status_id":null,"in_reply_to_status_id_str":null,"in_reply_to_user_id":null,"in_reply_to_user_id_str":null,"in_reply_to_screen_name":null,"user":{"id":725290159,"id_str":"725290159","name":"parveen","screen_name":"ParveenCql","location":"","url":null,"description":"","protected":false,"followers_count":2,"friends_count":9,"listed_count":0,"created_at":"Mon Jul 30 04:39:19 +0000 2012","favourites_count":0,"utc_offset":null,"time_zone":null,"geo_enabled":false,"verified":false,"statuses_count":14,"lang":"en","contributors_enabled":false,"is_translator":false,"profile_background_color":"C0DEED","profile_background_image_url":"http:\/\/a0.twimg.com\/images\/themes\/theme1\/bg.png","profile_background_image_url_https":"https:\/\/si0.twimg.com\/images\/themes\/theme1\/bg.png","profile_background_tile":false,"profile_image_url":"http:\/\/a0.twimg.com\/sticky\/default_profile_images\/default_profile_6_normal.png","profile_image_url_https":"https:\/\/si0.twimg.com\/sticky\/default_profile_images\/default_profile_6_normal.png","profile_link_color":"0084B4","profile_sidebar_border_color":"C0DEED","profile_sidebar_fill_color":"DDEEF6","profile_text_color":"333333","profile_use_background_image":true,"default_profile":true,"default_profile_image":true,"following":null,"follow_request_sent":null,"notifications":null},"geo":null,"coordinates":null,"place":null,"contributors":null,"retweet_count":0,"entities":{"hashtags":[],"urls":[],"user_mentions":[]},"favorited":false,"retweeted":false},{"created_at":"Mon Sep 10 11:38:19 +0000 2012","id":245124036508676097,"id_str":"245124036508676097","text":"Mashable Weekend Recap: 60 Stories You Might Have Missed http:\/\/t.co\/Re0FBitJ  RT @mashable","source":"\u003ca href=\"http:\/\/mashable.com\" rel=\"nofollow\"\u003eMashable Follow\u003c\/a\u003e","truncated":false,"in_reply_to_status_id":null,"in_reply_to_status_id_str":null,"in_reply_to_user_id":null,"in_reply_to_user_id_str":null,"in_reply_to_screen_name":null,"user":{"id":725290159,"id_str":"725290159","name":"parveen","screen_name":"ParveenCql","location":"","url":null,"description":"","protected":false,"followers_count":2,"friends_count":9,"listed_count":0,"created_at":"Mon Jul 30 04:39:19 +0000 2012","favourites_count":0,"utc_offset":null,"time_zone":null,"geo_enabled":false,"verified":false,"statuses_count":14,"lang":"en","contributors_enabled":false,"is_translator":false,"profile_background_color":"C0DEED","profile_background_image_url":"http:\/\/a0.twimg.com\/images\/themes\/theme1\/bg.png","profile_background_image_url_https":"https:\/\/si0.twimg.com\/images\/themes\/theme1\/bg.png","profile_background_tile":false,"profile_image_url":"http:\/\/a0.twimg.com\/sticky\/default_profile_images\/default_profile_6_normal.png","profile_image_url_https":"https:\/\/si0.twimg.com\/sticky\/default_profile_images\/default_profile_6_normal.png","profile_link_color":"0084B4","profile_sidebar_border_color":"C0DEED","profile_sidebar_fill_color":"DDEEF6","profile_text_color":"333333","profile_use_background_image":true,"default_profile":true,"default_profile_image":true,"following":null,"follow_request_sent":null,"notifications":null},"geo":null,"coordinates":null,"place":null,"contributors":null,"retweet_count":0,"entities":{"hashtags":[],"urls":[{"url":"http:\/\/t.co\/Re0FBitJ","expanded_url":"http:\/\/on.mash.to\/Ol5iTV","display_url":"on.mash.to\/Ol5iTV","indices":[57,77]}],"user_mentions":[{"screen_name":"mashable","name":"Pete Cashmore","id":972651,"id_str":"972651","indices":[82,91]}]},"favorited":false,"retweeted":false,"possibly_sensitive":false},{"created_at":"Mon Sep 10 11:38:08 +0000 2012","id":245123990681710592,"id_str":"245123990681710592","text":"Crowd-Sourced Documentary to Tell Story of NFL Fans' Season  http:\/\/t.co\/nNniB8Ex  RT @mashable","source":"\u003ca href=\"http:\/\/mashable.com\" rel=\"nofollow\"\u003eMashable Follow\u003c\/a\u003e","truncated":false,"in_reply_to_status_id":null,"in_reply_to_status_id_str":null,"in_reply_to_user_id":null,"in_reply_to_user_id_str":null,"in_reply_to_screen_name":null,"user":{"id":725290159,"id_str":"725290159","name":"parveen","screen_name":"ParveenCql","location":"","url":null,"description":"","protected":false,"followers_count":2,"friends_count":9,"listed_count":0,"created_at":"Mon Jul 30 04:39:19 +0000 2012","favourites_count":0,"utc_offset":null,"time_zone":null,"geo_enabled":false,"verified":false,"statuses_count":14,"lang":"en","contributors_enabled":false,"is_translator":false,"profile_background_color":"C0DEED","profile_background_image_url":"http:\/\/a0.twimg.com\/images\/themes\/theme1\/bg.png","profile_background_image_url_https":"https:\/\/si0.twimg.com\/images\/themes\/theme1\/bg.png","profile_background_tile":false,"profile_image_url":"http:\/\/a0.twimg.com\/sticky\/default_profile_images\/default_profile_6_normal.png","profile_image_url_https":"https:\/\/si0.twimg.com\/sticky\/default_profile_images\/default_profile_6_normal.png","profile_link_color":"0084B4","profile_sidebar_border_color":"C0DEED","profile_sidebar_fill_color":"DDEEF6","profile_text_color":"333333","profile_use_background_image":true,"default_profile":true,"default_profile_image":true,"following":null,"follow_request_sent":null,"notifications":null},"geo":null,"coordinates":null,"place":null,"contributors":null,"retweet_count":0,"entities":{"hashtags":[],"urls":[{"url":"http:\/\/t.co\/nNniB8Ex","expanded_url":"http:\/\/on.mash.to\/P9jHOh","display_url":"on.mash.to\/P9jHOh","indices":[61,81]}],"user_mentions":[{"screen_name":"mashable","name":"Pete Cashmore","id":972651,"id_str":"972651","indices":[86,95]}]},"favorited":false,"retweeted":false,"possibly_sensitive":false},{"created_at":"Fri Aug 03 08:43:26 +0000 2012","id":231309286230355969,"id_str":"231309286230355969","text":"@RahulBose1 13-15.. we will win...","source":"web","truncated":false,"in_reply_to_status_id":231308627363889152,"in_reply_to_status_id_str":"231308627363889152","in_reply_to_user_id":116677732,"in_reply_to_user_id_str":"116677732","in_reply_to_screen_name":"RahulBose1","user":{"id":725290159,"id_str":"725290159","name":"parveen","screen_name":"ParveenCql","location":"","url":null,"description":"","protected":false,"followers_count":2,"friends_count":9,"listed_count":0,"created_at":"Mon Jul 30 04:39:19 +0000 2012","favourites_count":0,"utc_offset":null,"time_zone":null,"geo_enabled":false,"verified":false,"statuses_count":14,"lang":"en","contributors_enabled":false,"is_translator":false,"profile_background_color":"C0DEED","profile_background_image_url":"http:\/\/a0.twimg.com\/images\/themes\/theme1\/bg.png","profile_background_image_url_https":"https:\/\/si0.twimg.com\/images\/themes\/theme1\/bg.png","profile_background_tile":false,"profile_image_url":"http:\/\/a0.twimg.com\/sticky\/default_profile_images\/default_profile_6_normal.png","profile_image_url_https":"https:\/\/si0.twimg.com\/sticky\/default_profile_images\/default_profile_6_normal.png","profile_link_color":"0084B4","profile_sidebar_border_color":"C0DEED","profile_sidebar_fill_color":"DDEEF6","profile_text_color":"333333","profile_use_background_image":true,"default_profile":true,"default_profile_image":true,"following":null,"follow_request_sent":null,"notifications":null},"geo":null,"coordinates":null,"place":null,"contributors":null,"retweet_count":0,"entities":{"hashtags":[],"urls":[],"user_mentions":[{"screen_name":"RahulBose1","name":"Rahul Bose","id":116677732,"id_str":"116677732","indices":[0,11]}]},"favorited":false,"retweeted":false},{"created_at":"Wed Aug 01 18:07:02 +0000 2012","id":230726347729825792,"id_str":"230726347729825792","text":"testing again the faceboook, twitter app","source":"\u003ca href=\"http:\/\/thinkdiff.net\/demo\/fblinkedtwit\/index.php\" rel=\"nofollow\"\u003eStatus Update\u003c\/a\u003e","truncated":false,"in_reply_to_status_id":null,"in_reply_to_status_id_str":null,"in_reply_to_user_id":null,"in_reply_to_user_id_str":null,"in_reply_to_screen_name":null,"user":{"id":725290159,"id_str":"725290159","name":"parveen","screen_name":"ParveenCql","location":"","url":null,"description":"","protected":false,"followers_count":2,"friends_count":9,"listed_count":0,"created_at":"Mon Jul 30 04:39:19 +0000 2012","favourites_count":0,"utc_offset":null,"time_zone":null,"geo_enabled":false,"verified":false,"statuses_count":14,"lang":"en","contributors_enabled":false,"is_translator":false,"profile_background_color":"C0DEED","profile_background_image_url":"http:\/\/a0.twimg.com\/images\/themes\/theme1\/bg.png","profile_background_image_url_https":"https:\/\/si0.twimg.com\/images\/themes\/theme1\/bg.png","profile_background_tile":false,"profile_image_url":"http:\/\/a0.twimg.com\/sticky\/default_profile_images\/default_profile_6_normal.png","profile_image_url_https":"https:\/\/si0.twimg.com\/sticky\/default_profile_images\/default_profile_6_normal.png","profile_link_color":"0084B4","profile_sidebar_border_color":"C0DEED","profile_sidebar_fill_color":"DDEEF6","profile_text_color":"333333","profile_use_background_image":true,"default_profile":true,"default_profile_image":true,"following":null,"follow_request_sent":null,"notifications":null},"geo":null,"coordinates":null,"place":null,"contributors":null,"retweet_count":0,"entities":{"hashtags":[],"urls":[],"user_mentions":[]},"favorited":false,"retweeted":false},{"created_at":"Tue Jul 31 04:28:17 +0000 2012","id":230157912088137728,"id_str":"230157912088137728","text":"Again this is a test message.","source":"\u003ca href=\"http:\/\/122.160.12.181\/project\/twtplus\" rel=\"nofollow\"\u003ecqlsys_twtplus\u003c\/a\u003e","truncated":false,"in_reply_to_status_id":null,"in_reply_to_status_id_str":null,"in_reply_to_user_id":null,"in_reply_to_user_id_str":null,"in_reply_to_screen_name":null,"user":{"id":725290159,"id_str":"725290159","name":"parveen","screen_name":"ParveenCql","location":"","url":null,"description":"","protected":false,"followers_count":2,"friends_count":9,"listed_count":0,"created_at":"Mon Jul 30 04:39:19 +0000 2012","favourites_count":0,"utc_offset":null,"time_zone":null,"geo_enabled":false,"verified":false,"statuses_count":14,"lang":"en","contributors_enabled":false,"is_translator":false,"profile_background_color":"C0DEED","profile_background_image_url":"http:\/\/a0.twimg.com\/images\/themes\/theme1\/bg.png","profile_background_image_url_https":"https:\/\/si0.twimg.com\/images\/themes\/theme1\/bg.png","profile_background_tile":false,"profile_image_url":"http:\/\/a0.twimg.com\/sticky\/default_profile_images\/default_profile_6_normal.png","profile_image_url_https":"https:\/\/si0.twimg.com\/sticky\/default_profile_images\/default_profile_6_normal.png","profile_link_color":"0084B4","profile_sidebar_border_color":"C0DEED","profile_sidebar_fill_color":"DDEEF6","profile_text_color":"333333","profile_use_background_image":true,"default_profile":true,"default_profile_image":true,"following":null,"follow_request_sent":null,"notifications":null},"geo":null,"coordinates":null,"place":null,"contributors":null,"retweet_count":0,"entities":{"hashtags":[],"urls":[],"user_mentions":[]},"favorited":false,"retweeted":false},{"created_at":"Mon Jul 30 05:30:09 +0000 2012","id":229811095009898496,"id_str":"229811095009898496","text":"Again this is a test message.","source":"\u003ca href=\"http:\/\/122.160.12.181\/project\/twtplus\" rel=\"nofollow\"\u003ecqlsys_twtplus\u003c\/a\u003e","truncated":false,"in_reply_to_status_id":null,"in_reply_to_status_id_str":null,"in_reply_to_user_id":null,"in_reply_to_user_id_str":null,"in_reply_to_screen_name":null,"user":{"id":725290159,"id_str":"725290159","name":"parveen","screen_name":"ParveenCql","location":"","url":null,"description":"","protected":false,"followers_count":2,"friends_count":9,"listed_count":0,"created_at":"Mon Jul 30 04:39:19 +0000 2012","favourites_count":0,"utc_offset":null,"time_zone":null,"geo_enabled":false,"verified":false,"statuses_count":14,"lang":"en","contributors_enabled":false,"is_translator":false,"profile_background_color":"C0DEED","profile_background_image_url":"http:\/\/a0.twimg.com\/images\/themes\/theme1\/bg.png","profile_background_image_url_https":"https:\/\/si0.twimg.com\/images\/themes\/theme1\/bg.png","profile_background_tile":false,"profile_image_url":"http:\/\/a0.twimg.com\/sticky\/default_profile_images\/default_profile_6_normal.png","profile_image_url_https":"https:\/\/si0.twimg.com\/sticky\/default_profile_images\/default_profile_6_normal.png","profile_link_color":"0084B4","profile_sidebar_border_color":"C0DEED","profile_sidebar_fill_color":"DDEEF6","profile_text_color":"333333","profile_use_background_image":true,"default_profile":true,"default_profile_image":true,"following":null,"follow_request_sent":null,"notifications":null},"geo":null,"coordinates":null,"place":null,"contributors":null,"retweet_count":0,"entities":{"hashtags":[],"urls":[],"user_mentions":[]},"favorited":false,"retweeted":false},{"created_at":"Mon Jul 30 05:20:13 +0000 2012","id":229808595947110400,"id_str":"229808595947110400","text":"This is a test message.","source":"\u003ca href=\"http:\/\/122.160.12.181\/project\/twtplus\" rel=\"nofollow\"\u003ecqlsys_twtplus\u003c\/a\u003e","truncated":false,"in_reply_to_status_id":null,"in_reply_to_status_id_str":null,"in_reply_to_user_id":null,"in_reply_to_user_id_str":null,"in_reply_to_screen_name":null,"user":{"id":725290159,"id_str":"725290159","name":"parveen","screen_name":"ParveenCql","location":"","url":null,"description":"","protected":false,"followers_count":2,"friends_count":9,"listed_count":0,"created_at":"Mon Jul 30 04:39:19 +0000 2012","favourites_count":0,"utc_offset":null,"time_zone":null,"geo_enabled":false,"verified":false,"statuses_count":14,"lang":"en","contributors_enabled":false,"is_translator":false,"profile_background_color":"C0DEED","profile_background_image_url":"http:\/\/a0.twimg.com\/images\/themes\/theme1\/bg.png","profile_background_image_url_https":"https:\/\/si0.twimg.com\/images\/themes\/theme1\/bg.png","profile_background_tile":false,"profile_image_url":"http:\/\/a0.twimg.com\/sticky\/default_profile_images\/default_profile_6_normal.png","profile_image_url_https":"https:\/\/si0.twimg.com\/sticky\/default_profile_images\/default_profile_6_normal.png","profile_link_color":"0084B4","profile_sidebar_border_color":"C0DEED","profile_sidebar_fill_color":"DDEEF6","profile_text_color":"333333","profile_use_background_image":true,"default_profile":true,"default_profile_image":true,"following":null,"follow_request_sent":null,"notifications":null},"geo":null,"coordinates":null,"place":null,"contributors":null,"retweet_count":0,"entities":{"hashtags":[],"urls":[],"user_mentions":[]},"favorited":false,"retweeted":false}]