[{"created_at":"Wed Jan 02 04:44:23 +0000 2013","id":286332084396646400,"id_str":"286332084396646400","text":"@tonymasoney hopefully you dig the conspiracy theory angle as much as i do","source":"\u003ca href=\"http:\/\/twitter.com\/tweetbutton\" rel=\"nofollow\"\u003eTweet Button\u003c\/a\u003e","truncated":false,"in_reply_to_status_id":286230957667799040,"in_reply_to_status_id_str":"286230957667799040","in_reply_to_user_id":137317437,"in_reply_to_user_id_str":"137317437","in_reply_to_screen_name":"tonymasoney","user":{"id":17220222,"id_str":"17220222","name":"Corey Salzano","screen_name":"salzano","location":"717","url":"http:\/\/profiles.wordpress.org\/salzano\/","description":"web developer, music lover","protected":false,"followers_count":205,"friends_count":109,"listed_count":1,"created_at":"Thu Nov 06 21:42:16 +0000 2008","favourites_count":6,"utc_offset":-18000,"time_zone":"Eastern Time (US & Canada)","geo_enabled":false,"verified":false,"statuses_count":1233,"lang":"en","contributors_enabled":false,"is_translator":false,"profile_background_color":"352726","profile_background_image_url":"http:\/\/a0.twimg.com\/images\/themes\/theme6\/bg.gif","profile_background_image_url_https":"https:\/\/si0.twimg.com\/images\/themes\/theme6\/bg.gif","profile_background_tile":false,"profile_image_url":"http:\/\/a0.twimg.com\/profile_images\/2562278396\/2y4pp598hlp03iwsjmcr_normal.png","profile_image_url_https":"https:\/\/si0.twimg.com\/profile_images\/2562278396\/2y4pp598hlp03iwsjmcr_normal.png","profile_link_color":"286BA9","profile_sidebar_border_color":"829D5E","profile_sidebar_fill_color":"EFFDD3","profile_text_color":"3E4415","profile_use_background_image":false,"default_profile":false,"default_profile_image":false,"following":null,"follow_request_sent":null,"notifications":null},"geo":null,"coordinates":null,"place":null,"contributors":null,"retweet_count":0,"entities":{"hashtags":[],"urls":[],"user_mentions":[{"screen_name":"tonymasoney","name":"pcliclcly","id":137317437,"id_str":"137317437","indices":[0,12]}]},"favorited":false,"retweeted":false},{"created_at":"Mon Dec 31 19:56:07 +0000 2012","id":285836755851173889,"id_str":"285836755851173889","text":"@Wmedved http:\/\/t.co\/ssVY6Ed2","source":"web","truncated":false,"in_reply_to_status_id":285835962519535616,"in_reply_to_status_id_str":"285835962519535616","in_reply_to_user_id":21786656,"in_reply_to_user_id_str":"21786656","in_reply_to_screen_name":"Wmedved","user":{"id":17220222,"id_str":"17220222","name":"Corey Salzano","screen_name":"salzano","location":"717","url":"http:\/\/profiles.wordpress.org\/salzano\/","description":"web developer, music lover","protected":false,"followers_count":205,"friends_count":109,"listed_count":1,"created_at":"Thu Nov 06 21:42:16 +0000 2008","favourites_count":6,"utc_offset":-18000,"time_zone":"Eastern Time (US & Canada)","geo_enabled":false,"verified":false,"statuses_count":1233,"lang":"en","contributors_enabled":false,"is_translator":false,"profile_background_color":"352726","profile_background_image_url":"http:\/\/a0.twimg.com\/images\/themes\/theme6\/bg.gif","profile_background_image_url_https":"https:\/\/si0.twimg.com\/images\/themes\/theme6\/bg.gif","profile_background_tile":false,"profile_image_url":"http:\/\/a0.twimg.com\/profile_images\/2562278396\/2y4pp598hlp03iwsjmcr_normal.png","profile_image_url_https":"https:\/\/si0.twimg.com\/profile_images\/2562278396\/2y4pp598hlp03iwsjmcr_normal.png","profile_link_color":"286BA9","profile_sidebar_border_color":"829D5E","profile_sidebar_fill_color":"EFFDD3","profile_text_color":"3E4415","profile_use_background_image":false,"default_profile":false,"default_profile_image":false,"following":null,"follow_request_sent":null,"notifications":null},"geo":null,"coordinates":null,"place":null,"contributors":null,"retweet_count":0,"entities":{"hashtags":[],"urls":[{"url":"http:\/\/t.co\/ssVY6Ed2","expanded_url":"http:\/\/en.support.wordpress.com\/delete-site\/","display_url":"en.support.wordpress.com\/delete-site\/","indices":[9,29]}],"user_mentions":[{"screen_name":"Wmedved","name":"Whitney Medved","id":21786656,"id_str":"21786656","indices":[0,8]}]},"favorited":false,"retweeted":false,"possibly_sensitive":false},{"created_at":"Mon Dec 31 04:48:38 +0000 2012","id":285608377118228480,"id_str":"285608377118228480","text":"@WANdisco 7.5.3","source":"web","truncated":false,"in_reply_to_status_id":285470038746595329,"in_reply_to_status_id_str":"285470038746595329","in_reply_to_user_id":18688523,"in_reply_to_user_id_str":"18688523","in_reply_to_screen_name":"WANdisco","user":{"id":17220222,"id_str":"17220222","name":"Corey Salzano","screen_name":"salzano","location":"717","url":"http:\/\/profiles.wordpress.org\/salzano\/","description":"web developer, music lover","protected":false,"followers_count":205,"friends_count":109,"listed_count":1,"created_at":"Thu Nov 06 21:42:16 +0000 2008","favourites_count":6,"utc_offset":-18000,"time_zone":"Eastern Time (US & Canada)","geo_enabled":false,"verified":false,"statuses_count":1233,"lang":"en","contributors_enabled":false,"is_translator":false,"profile_background_color":"352726","profile_background_image_url":"http:\/\/a0.twimg.com\/images\/themes\/theme6\/bg.gif","profile_background_image_url_https":"https:\/\/si0.twimg.com\/images\/themes\/theme6\/bg.gif","profile_background_tile":false,"profile_image_url":"http:\/\/a0.twimg.com\/profile_images\/2562278396\/2y4pp598hlp03iwsjmcr_normal.png","profile_image_url_https":"https:\/\/si0.twimg.com\/profile_images\/2562278396\/2y4pp598hlp03iwsjmcr_normal.png","profile_link_color":"286BA9","profile_sidebar_border_color":"829D5E","profile_sidebar_fill_color":"EFFDD3","profile_text_color":"3E4415","profile_use_background_image":false,"default_profile":false,"default_profile_image":false,"following":null,"follow_request_sent":null,"notifications":null},"geo":null,"coordinates":null,"place":null,"contributors":null,"retweet_count":0,"entities":{"hashtags":[],"urls":[],"user_mentions":[{"screen_name":"WANdisco","name":"WANdisco","id":18688523,"id_str":"18688523","indices":[0,9]}]},"favorited":false,"retweeted":false},{"created_at":"Sun Dec 30 21:32:25 +0000 2012","id":285498600941813761,"id_str":"285498600941813761","text":"@WANdisco whichever version downloads from your website today for mac osx","source":"\u003ca href=\"http:\/\/twitter.com\/download\/android\" rel=\"nofollow\"\u003eTwitter for Android\u003c\/a\u003e","truncated":false,"in_reply_to_status_id":285470038746595329,"in_reply_to_status_id_str":"285470038746595329","in_reply_to_user_id":18688523,"in_reply_to_user_id_str":"18688523","in_reply_to_screen_name":"WANdisco","user":{"id":17220222,"id_str":"17220222","name":"Corey Salzano","screen_name":"salzano","location":"717","url":"http:\/\/profiles.wordpress.org\/salzano\/","description":"web developer, music lover","protected":false,"followers_count":205,"friends_count":109,"listed_count":1,"created_at":"Thu Nov 06 21:42:16 +0000 2008","favourites_count":6,"utc_offset":-18000,"time_zone":"Eastern Time (US & Canada)","geo_enabled":false,"verified":false,"statuses_count":1233,"lang":"en","contributors_enabled":false,"is_translator":false,"profile_background_color":"352726","profile_background_image_url":"http:\/\/a0.twimg.com\/images\/themes\/theme6\/bg.gif","profile_background_image_url_https":"https:\/\/si0.twimg.com\/images\/themes\/theme6\/bg.gif","profile_background_tile":false,"profile_image_url":"http:\/\/a0.twimg.com\/profile_images\/2562278396\/2y4pp598hlp03iwsjmcr_normal.png","profile_image_url_https":"https:\/\/si0.twimg.com\/profile_images\/2562278396\/2y4pp598hlp03iwsjmcr_normal.png","profile_link_color":"286BA9","profile_sidebar_border_color":"829D5E","profile_sidebar_fill_color":"EFFDD3","profile_text_color":"3E4415","profile_use_background_image":false,"default_profile":false,"default_profile_image":false,"following":null,"follow_request_sent":null,"notifications":null},"geo":null,"coordinates":null,"place":null,"contributors":null,"retweet_count":0,"entities":{"hashtags":[],"urls":[],"user_mentions":[{"screen_name":"WANdisco","name":"WANdisco","id":18688523,"id_str":"18688523","indices":[0,9]}]},"favorited":false,"retweeted":false},{"created_at":"Sun Dec 30 18:04:10 +0000 2012","id":285446193432117249,"id_str":"285446193432117249","text":"@WANdisco SmartSVN is way slow on mac os x until I uncheck \"recursively scan unversioned directories\"","source":"web","truncated":false,"in_reply_to_status_id":null,"in_reply_to_status_id_str":null,"in_reply_to_user_id":18688523,"in_reply_to_user_id_str":"18688523","in_reply_to_screen_name":"WANdisco","user":{"id":17220222,"id_str":"17220222","name":"Corey Salzano","screen_name":"salzano","location":"717","url":"http:\/\/profiles.wordpress.org\/salzano\/","description":"web developer, music lover","protected":false,"followers_count":205,"friends_count":109,"listed_count":1,"created_at":"Thu Nov 06 21:42:16 +0000 2008","favourites_count":6,"utc_offset":-18000,"time_zone":"Eastern Time (US & Canada)","geo_enabled":false,"verified":false,"statuses_count":1233,"lang":"en","contributors_enabled":false,"is_translator":false,"profile_background_color":"352726","profile_background_image_url":"http:\/\/a0.twimg.com\/images\/themes\/theme6\/bg.gif","profile_background_image_url_https":"https:\/\/si0.twimg.com\/images\/themes\/theme6\/bg.gif","profile_background_tile":false,"profile_image_url":"http:\/\/a0.twimg.com\/profile_images\/2562278396\/2y4pp598hlp03iwsjmcr_normal.png","profile_image_url_https":"https:\/\/si0.twimg.com\/profile_images\/2562278396\/2y4pp598hlp03iwsjmcr_normal.png","profile_link_color":"286BA9","profile_sidebar_border_color":"829D5E","profile_sidebar_fill_color":"EFFDD3","profile_text_color":"3E4415","profile_use_background_image":false,"default_profile":false,"default_profile_image":false,"following":null,"follow_request_sent":null,"notifications":null},"geo":null,"coordinates":null,"place":null,"contributors":null,"retweet_count":0,"entities":{"hashtags":[],"urls":[],"user_mentions":[{"screen_name":"WANdisco","name":"WANdisco","id":18688523,"id_str":"18688523","indices":[0,9]}]},"favorited":false,"retweeted":false},{"created_at":"Fri Dec 28 21:33:06 +0000 2012","id":284773997265158144,"id_str":"284773997265158144","text":"That was easy. I just upgraded our account and integrated the @sendgrid API to handle boring unsubscribe email links. Take our money!","source":"web","truncated":false,"in_reply_to_status_id":null,"in_reply_to_status_id_str":null,"in_reply_to_user_id":null,"in_reply_to_user_id_str":null,"in_reply_to_screen_name":null,"user":{"id":17220222,"id_str":"17220222","name":"Corey Salzano","screen_name":"salzano","location":"717","url":"http:\/\/profiles.wordpress.org\/salzano\/","description":"web developer, music lover","protected":false,"followers_count":205,"friends_count":109,"listed_count":1,"created_at":"Thu Nov 06 21:42:16 +0000 2008","favourites_count":6,"utc_offset":-18000,"time_zone":"Eastern Time (US & Canada)","geo_enabled":false,"verified":false,"statuses_count":1233,"lang":"en","contributors_enabled":false,"is_translator":false,"profile_background_color":"352726","profile_background_image_url":"http:\/\/a0.twimg.com\/images\/themes\/theme6\/bg.gif","profile_background_image_url_https":"https:\/\/si0.twimg.com\/images\/themes\/theme6\/bg.gif","profile_background_tile":false,"profile_image_url":"http:\/\/a0.twimg.com\/profile_images\/2562278396\/2y4pp598hlp03iwsjmcr_normal.png","profile_image_url_https":"https:\/\/si0.twimg.com\/profile_images\/2562278396\/2y4pp598hlp03iwsjmcr_normal.png","profile_link_color":"286BA9","profile_sidebar_border_color":"829D5E","profile_sidebar_fill_color":"EFFDD3","profile_text_color":"3E4415","profile_use_background_image":false,"default_profile":false,"default_profile_image":false,"following":null,"follow_request_sent":null,"notifications":null},"geo":null,"coordinates":null,"place":null,"contributors":null,"retweet_count":0,"entities":{"hashtags":[],"urls":[],"user_mentions":[{"screen_name":"SendGrid","name":"SendGrid","id":42126617,"id_str":"42126617","indices":[62,71]}]},"favorited":false,"retweeted":false},{"created_at":"Thu Dec 27 02:35:03 +0000 2012","id":284125208871329792,"id_str":"284125208871329792","text":"@tonymasoney DM me your mailing address and I'll send you the HAARP book we talked about","source":"web","truncated":false,"in_reply_to_status_id":null,"in_reply_to_status_id_str":null,"in_reply_to_user_id":137317437,"in_reply_to_user_id_str":"137317437","in_reply_to_screen_name":"tonymasoney","user":{"id":17220222,"id_str":"17220222","name":"Corey Salzano","screen_name":"salzano","location":"717","url":"http:\/\/profiles.wordpress.org\/salzano\/","description":"web developer, music lover","protected":false,"followers_count":205,"friends_count":109,"listed_count":1,"created_at":"Thu Nov 06 21:42:16 +0000 2008","favourites_count":6,"utc_offset":-18000,"time_zone":"Eastern Time (US & Canada)","geo_enabled":false,"verified":false,"statuses_count":1233,"lang":"en","contributors_enabled":false,"is_translator":false,"profile_background_color":"352726","profile_background_image_url":"http:\/\/a0.twimg.com\/images\/themes\/theme6\/bg.gif","profile_background_image_url_https":"https:\/\/si0.twimg.com\/images\/themes\/theme6\/bg.gif","profile_background_tile":false,"profile_image_url":"http:\/\/a0.twimg.com\/profile_images\/2562278396\/2y4pp598hlp03iwsjmcr_normal.png","profile_image_url_https":"https:\/\/si0.twimg.com\/profile_images\/2562278396\/2y4pp598hlp03iwsjmcr_normal.png","profile_link_color":"286BA9","profile_sidebar_border_color":"829D5E","profile_sidebar_fill_color":"EFFDD3","profile_text_color":"3E4415","profile_use_background_image":false,"default_profile":false,"default_profile_image":false,"following":null,"follow_request_sent":null,"notifications":null},"geo":null,"coordinates":null,"place":null,"contributors":null,"retweet_count":0,"entities":{"hashtags":[],"urls":[],"user_mentions":[{"screen_name":"tonymasoney","name":"pcliclcly","id":137317437,"id_str":"137317437","indices":[0,12]}]},"favorited":false,"retweeted":false},{"created_at":"Tue Dec 25 02:29:24 +0000 2012","id":283399003691945984,"id_str":"283399003691945984","text":"Christmas at the Salzano house http:\/\/t.co\/iJZQj6cn","source":"\u003ca href=\"http:\/\/twitter.com\/download\/android\" rel=\"nofollow\"\u003eTwitter for Android\u003c\/a\u003e","truncated":false,"in_reply_to_status_id":null,"in_reply_to_status_id_str":null,"in_reply_to_user_id":null,"in_reply_to_user_id_str":null,"in_reply_to_screen_name":null,"user":{"id":17220222,"id_str":"17220222","name":"Corey Salzano","screen_name":"salzano","location":"717","url":"http:\/\/profiles.wordpress.org\/salzano\/","description":"web developer, music lover","protected":false,"followers_count":205,"friends_count":109,"listed_count":1,"created_at":"Thu Nov 06 21:42:16 +0000 2008","favourites_count":6,"utc_offset":-18000,"time_zone":"Eastern Time (US & Canada)","geo_enabled":false,"verified":false,"statuses_count":1233,"lang":"en","contributors_enabled":false,"is_translator":false,"profile_background_color":"352726","profile_background_image_url":"http:\/\/a0.twimg.com\/images\/themes\/theme6\/bg.gif","profile_background_image_url_https":"https:\/\/si0.twimg.com\/images\/themes\/theme6\/bg.gif","profile_background_tile":false,"profile_image_url":"http:\/\/a0.twimg.com\/profile_images\/2562278396\/2y4pp598hlp03iwsjmcr_normal.png","profile_image_url_https":"https:\/\/si0.twimg.com\/profile_images\/2562278396\/2y4pp598hlp03iwsjmcr_normal.png","profile_link_color":"286BA9","profile_sidebar_border_color":"829D5E","profile_sidebar_fill_color":"EFFDD3","profile_text_color":"3E4415","profile_use_background_image":false,"default_profile":false,"default_profile_image":false,"following":null,"follow_request_sent":null,"notifications":null},"geo":null,"coordinates":null,"place":null,"contributors":null,"retweet_count":0,"entities":{"hashtags":[],"urls":[],"user_mentions":[],"media":[{"id":283399003696140290,"id_str":"283399003696140290","indices":[31,51],"media_url":"http:\/\/pbs.twimg.com\/media\/A-7V5HECEAIY9G7.jpg","media_url_https":"https:\/\/pbs.twimg.com\/media\/A-7V5HECEAIY9G7.jpg","url":"http:\/\/t.co\/iJZQj6cn","display_url":"pic.twitter.com\/iJZQj6cn","expanded_url":"http:\/\/twitter.com\/salzano\/status\/283399003691945984\/photo\/1","type":"photo","sizes":{"large":{"w":1024,"h":1536,"resize":"fit"},"thumb":{"w":150,"h":150,"resize":"crop"},"medium":{"w":600,"h":900,"resize":"fit"},"small":{"w":340,"h":510,"resize":"fit"}}}]},"favorited":false,"retweeted":false,"possibly_sensitive":false},{"created_at":"Sat Dec 22 02:28:17 +0000 2012","id":282311569814200320,"id_str":"282311569814200320","text":"@Jsalz2 Aw, dude, I'm about to hit the road to drive across the whole state, F that snow.","source":"web","truncated":false,"in_reply_to_status_id":282304714480181250,"in_reply_to_status_id_str":"282304714480181250","in_reply_to_user_id":352089798,"in_reply_to_user_id_str":"352089798","in_reply_to_screen_name":"Jsalz2","user":{"id":17220222,"id_str":"17220222","name":"Corey Salzano","screen_name":"salzano","location":"717","url":"http:\/\/profiles.wordpress.org\/salzano\/","description":"web developer, music lover","protected":false,"followers_count":205,"friends_count":109,"listed_count":1,"created_at":"Thu Nov 06 21:42:16 +0000 2008","favourites_count":6,"utc_offset":-18000,"time_zone":"Eastern Time (US & Canada)","geo_enabled":false,"verified":false,"statuses_count":1233,"lang":"en","contributors_enabled":false,"is_translator":false,"profile_background_color":"352726","profile_background_image_url":"http:\/\/a0.twimg.com\/images\/themes\/theme6\/bg.gif","profile_background_image_url_https":"https:\/\/si0.twimg.com\/images\/themes\/theme6\/bg.gif","profile_background_tile":false,"profile_image_url":"http:\/\/a0.twimg.com\/profile_images\/2562278396\/2y4pp598hlp03iwsjmcr_normal.png","profile_image_url_https":"https:\/\/si0.twimg.com\/profile_images\/2562278396\/2y4pp598hlp03iwsjmcr_normal.png","profile_link_color":"286BA9","profile_sidebar_border_color":"829D5E","profile_sidebar_fill_color":"EFFDD3","profile_text_color":"3E4415","profile_use_background_image":false,"default_profile":false,"default_profile_image":false,"following":null,"follow_request_sent":null,"notifications":null},"geo":null,"coordinates":null,"place":null,"contributors":null,"retweet_count":0,"entities":{"hashtags":[],"urls":[],"user_mentions":[{"screen_name":"Jsalz2","name":"Green Ranger \u2733","id":352089798,"id_str":"352089798","indices":[0,7]}]},"favorited":false,"retweeted":false},{"created_at":"Fri Dec 21 20:51:04 +0000 2012","id":282226702359351297,"id_str":"282226702359351297","text":"@MariaSallis This is a great one http:\/\/t.co\/n4AiKDI0","source":"web","truncated":false,"in_reply_to_status_id":282225062302609408,"in_reply_to_status_id_str":"282225062302609408","in_reply_to_user_id":306358697,"in_reply_to_user_id_str":"306358697","in_reply_to_screen_name":"MariaSallis","user":{"id":17220222,"id_str":"17220222","name":"Corey Salzano","screen_name":"salzano","location":"717","url":"http:\/\/profiles.wordpress.org\/salzano\/","description":"web developer, music lover","protected":false,"followers_count":205,"friends_count":109,"listed_count":1,"created_at":"Thu Nov 06 21:42:16 +0000 2008","favourites_count":6,"utc_offset":-18000,"time_zone":"Eastern Time (US & Canada)","geo_enabled":false,"verified":false,"statuses_count":1233,"lang":"en","contributors_enabled":false,"is_translator":false,"profile_background_color":"352726","profile_background_image_url":"http:\/\/a0.twimg.com\/images\/themes\/theme6\/bg.gif","profile_background_image_url_https":"https:\/\/si0.twimg.com\/images\/themes\/theme6\/bg.gif","profile_background_tile":false,"profile_image_url":"http:\/\/a0.twimg.com\/profile_images\/2562278396\/2y4pp598hlp03iwsjmcr_normal.png","profile_image_url_https":"https:\/\/si0.twimg.com\/profile_images\/2562278396\/2y4pp598hlp03iwsjmcr_normal.png","profile_link_color":"286BA9","profile_sidebar_border_color":"829D5E","profile_sidebar_fill_color":"EFFDD3","profile_text_color":"3E4415","profile_use_background_image":false,"default_profile":false,"default_profile_image":false,"following":null,"follow_request_sent":null,"notifications":null},"geo":null,"coordinates":null,"place":null,"contributors":null,"retweet_count":0,"entities":{"hashtags":[],"urls":[{"url":"http:\/\/t.co\/n4AiKDI0","expanded_url":"http:\/\/codex.wordpress.org\/Function_Reference\/wp_enqueue_script","display_url":"codex.wordpress.org\/Function_Refer\u2026","indices":[33,53]}],"user_mentions":[{"screen_name":"MariaSallis","name":"Maria Sallis","id":306358697,"id_str":"306358697","indices":[0,12]}]},"favorited":false,"retweeted":false,"possibly_sensitive":false},{"created_at":"Fri Dec 21 19:59:50 +0000 2012","id":282213811975512064,"id_str":"282213811975512064","text":"@bshumaker Just include a stylesheet.css file with your plugin. They can edit it using the plugin editor.","source":"web","truncated":false,"in_reply_to_status_id":282195431323234305,"in_reply_to_status_id_str":"282195431323234305","in_reply_to_user_id":15731951,"in_reply_to_user_id_str":"15731951","in_reply_to_screen_name":"bshumaker","user":{"id":17220222,"id_str":"17220222","name":"Corey Salzano","screen_name":"salzano","location":"717","url":"http:\/\/profiles.wordpress.org\/salzano\/","description":"web developer, music lover","protected":false,"followers_count":205,"friends_count":109,"listed_count":1,"created_at":"Thu Nov 06 21:42:16 +0000 2008","favourites_count":6,"utc_offset":-18000,"time_zone":"Eastern Time (US & Canada)","geo_enabled":false,"verified":false,"statuses_count":1233,"lang":"en","contributors_enabled":false,"is_translator":false,"profile_background_color":"352726","profile_background_image_url":"http:\/\/a0.twimg.com\/images\/themes\/theme6\/bg.gif","profile_background_image_url_https":"https:\/\/si0.twimg.com\/images\/themes\/theme6\/bg.gif","profile_background_tile":false,"profile_image_url":"http:\/\/a0.twimg.com\/profile_images\/2562278396\/2y4pp598hlp03iwsjmcr_normal.png","profile_image_url_https":"https:\/\/si0.twimg.com\/profile_images\/2562278396\/2y4pp598hlp03iwsjmcr_normal.png","profile_link_color":"286BA9","profile_sidebar_border_color":"829D5E","profile_sidebar_fill_color":"EFFDD3","profile_text_color":"3E4415","profile_use_background_image":false,"default_profile":false,"default_profile_image":false,"following":null,"follow_request_sent":null,"notifications":null},"geo":null,"coordinates":null,"place":null,"contributors":null,"retweet_count":0,"entities":{"hashtags":[],"urls":[],"user_mentions":[{"screen_name":"bshumaker","name":"Brett Shumaker","id":15731951,"id_str":"15731951","indices":[0,10]}]},"favorited":false,"retweeted":false},{"created_at":"Fri Dec 21 16:00:20 +0000 2012","id":282153538396758017,"id_str":"282153538396758017","text":"@danhgilmore @daljo628 Just found http:\/\/t.co\/UFweGaxi","source":"web","truncated":false,"in_reply_to_status_id":282152435072520192,"in_reply_to_status_id_str":"282152435072520192","in_reply_to_user_id":17003315,"in_reply_to_user_id_str":"17003315","in_reply_to_screen_name":"danhgilmore","user":{"id":17220222,"id_str":"17220222","name":"Corey Salzano","screen_name":"salzano","location":"717","url":"http:\/\/profiles.wordpress.org\/salzano\/","description":"web developer, music lover","protected":false,"followers_count":205,"friends_count":109,"listed_count":1,"created_at":"Thu Nov 06 21:42:16 +0000 2008","favourites_count":6,"utc_offset":-18000,"time_zone":"Eastern Time (US & Canada)","geo_enabled":false,"verified":false,"statuses_count":1233,"lang":"en","contributors_enabled":false,"is_translator":false,"profile_background_color":"352726","profile_background_image_url":"http:\/\/a0.twimg.com\/images\/themes\/theme6\/bg.gif","profile_background_image_url_https":"https:\/\/si0.twimg.com\/images\/themes\/theme6\/bg.gif","profile_background_tile":false,"profile_image_url":"http:\/\/a0.twimg.com\/profile_images\/2562278396\/2y4pp598hlp03iwsjmcr_normal.png","profile_image_url_https":"https:\/\/si0.twimg.com\/profile_images\/2562278396\/2y4pp598hlp03iwsjmcr_normal.png","profile_link_color":"286BA9","profile_sidebar_border_color":"829D5E","profile_sidebar_fill_color":"EFFDD3","profile_text_color":"3E4415","profile_use_background_image":false,"default_profile":false,"default_profile_image":false,"following":null,"follow_request_sent":null,"notifications":null},"geo":null,"coordinates":null,"place":null,"contributors":null,"retweet_count":0,"entities":{"hashtags":[],"urls":[{"url":"http:\/\/t.co\/UFweGaxi","expanded_url":"http:\/\/stackoverflow.com\/questions\/9977320\/upload-media-files-to-remote-server-with-wordpress-media-uploader","display_url":"stackoverflow.com\/questions\/9977\u2026","indices":[34,54]}],"user_mentions":[{"screen_name":"danhgilmore","name":"Dan Gilmore","id":17003315,"id_str":"17003315","indices":[0,12]},{"screen_name":"daljo628","name":"George Stephanis","id":15982239,"id_str":"15982239","indices":[13,22]}]},"favorited":false,"retweeted":false,"possibly_sensitive":false},{"created_at":"Fri Dec 21 15:56:54 +0000 2012","id":282152676018491393,"id_str":"282152676018491393","text":"@danhgilmore @daljo628 Call me anti-jetpack, but the point of plugins is to stay lightweight and modular. @Jetpack just isn't.","source":"web","truncated":false,"in_reply_to_status_id":282152274283884545,"in_reply_to_status_id_str":"282152274283884545","in_reply_to_user_id":17003315,"in_reply_to_user_id_str":"17003315","in_reply_to_screen_name":"danhgilmore","user":{"id":17220222,"id_str":"17220222","name":"Corey Salzano","screen_name":"salzano","location":"717","url":"http:\/\/profiles.wordpress.org\/salzano\/","description":"web developer, music lover","protected":false,"followers_count":205,"friends_count":109,"listed_count":1,"created_at":"Thu Nov 06 21:42:16 +0000 2008","favourites_count":6,"utc_offset":-18000,"time_zone":"Eastern Time (US & Canada)","geo_enabled":false,"verified":false,"statuses_count":1233,"lang":"en","contributors_enabled":false,"is_translator":false,"profile_background_color":"352726","profile_background_image_url":"http:\/\/a0.twimg.com\/images\/themes\/theme6\/bg.gif","profile_background_image_url_https":"https:\/\/si0.twimg.com\/images\/themes\/theme6\/bg.gif","profile_background_tile":false,"profile_image_url":"http:\/\/a0.twimg.com\/profile_images\/2562278396\/2y4pp598hlp03iwsjmcr_normal.png","profile_image_url_https":"https:\/\/si0.twimg.com\/profile_images\/2562278396\/2y4pp598hlp03iwsjmcr_normal.png","profile_link_color":"286BA9","profile_sidebar_border_color":"829D5E","profile_sidebar_fill_color":"EFFDD3","profile_text_color":"3E4415","profile_use_background_image":false,"default_profile":false,"default_profile_image":false,"following":null,"follow_request_sent":null,"notifications":null},"geo":null,"coordinates":null,"place":null,"contributors":null,"retweet_count":0,"entities":{"hashtags":[],"urls":[],"user_mentions":[{"screen_name":"danhgilmore","name":"Dan Gilmore","id":17003315,"id_str":"17003315","indices":[0,12]},{"screen_name":"daljo628","name":"George Stephanis","id":15982239,"id_str":"15982239","indices":[13,22]},{"screen_name":"jetpack","name":"Jetpack","id":262742534,"id_str":"262742534","indices":[106,114]}]},"favorited":false,"retweeted":false},{"created_at":"Fri Dec 21 15:46:22 +0000 2012","id":282150022366253056,"id_str":"282150022366253056","text":"@danhgilmore @daljo628 I am suggesting that WP sends the photo URL to your ImgApp, and your image app downloads it's own copy of the image.","source":"web","truncated":false,"in_reply_to_status_id":282149628575633408,"in_reply_to_status_id_str":"282149628575633408","in_reply_to_user_id":17003315,"in_reply_to_user_id_str":"17003315","in_reply_to_screen_name":"danhgilmore","user":{"id":17220222,"id_str":"17220222","name":"Corey Salzano","screen_name":"salzano","location":"717","url":"http:\/\/profiles.wordpress.org\/salzano\/","description":"web developer, music lover","protected":false,"followers_count":205,"friends_count":109,"listed_count":1,"created_at":"Thu Nov 06 21:42:16 +0000 2008","favourites_count":6,"utc_offset":-18000,"time_zone":"Eastern Time (US & Canada)","geo_enabled":false,"verified":false,"statuses_count":1233,"lang":"en","contributors_enabled":false,"is_translator":false,"profile_background_color":"352726","profile_background_image_url":"http:\/\/a0.twimg.com\/images\/themes\/theme6\/bg.gif","profile_background_image_url_https":"https:\/\/si0.twimg.com\/images\/themes\/theme6\/bg.gif","profile_background_tile":false,"profile_image_url":"http:\/\/a0.twimg.com\/profile_images\/2562278396\/2y4pp598hlp03iwsjmcr_normal.png","profile_image_url_https":"https:\/\/si0.twimg.com\/profile_images\/2562278396\/2y4pp598hlp03iwsjmcr_normal.png","profile_link_color":"286BA9","profile_sidebar_border_color":"829D5E","profile_sidebar_fill_color":"EFFDD3","profile_text_color":"3E4415","profile_use_background_image":false,"default_profile":false,"default_profile_image":false,"following":null,"follow_request_sent":null,"notifications":null},"geo":null,"coordinates":null,"place":null,"contributors":null,"retweet_count":0,"entities":{"hashtags":[],"urls":[],"user_mentions":[{"screen_name":"danhgilmore","name":"Dan Gilmore","id":17003315,"id_str":"17003315","indices":[0,12]},{"screen_name":"daljo628","name":"George Stephanis","id":15982239,"id_str":"15982239","indices":[13,22]}]},"favorited":false,"retweeted":false},{"created_at":"Fri Dec 21 15:43:12 +0000 2012","id":282149226962632704,"id_str":"282149226962632704","text":"@danhgilmore It would be very easy if your photo sharing site could accept a URL and then fetch the image from the URL to save a copy.","source":"web","truncated":false,"in_reply_to_status_id":282148931268378624,"in_reply_to_status_id_str":"282148931268378624","in_reply_to_user_id":17003315,"in_reply_to_user_id_str":"17003315","in_reply_to_screen_name":"danhgilmore","user":{"id":17220222,"id_str":"17220222","name":"Corey Salzano","screen_name":"salzano","location":"717","url":"http:\/\/profiles.wordpress.org\/salzano\/","description":"web developer, music lover","protected":false,"followers_count":205,"friends_count":109,"listed_count":1,"created_at":"Thu Nov 06 21:42:16 +0000 2008","favourites_count":6,"utc_offset":-18000,"time_zone":"Eastern Time (US & Canada)","geo_enabled":false,"verified":false,"statuses_count":1233,"lang":"en","contributors_enabled":false,"is_translator":false,"profile_background_color":"352726","profile_background_image_url":"http:\/\/a0.twimg.com\/images\/themes\/theme6\/bg.gif","profile_background_image_url_https":"https:\/\/si0.twimg.com\/images\/themes\/theme6\/bg.gif","profile_background_tile":false,"profile_image_url":"http:\/\/a0.twimg.com\/profile_images\/2562278396\/2y4pp598hlp03iwsjmcr_normal.png","profile_image_url_https":"https:\/\/si0.twimg.com\/profile_images\/2562278396\/2y4pp598hlp03iwsjmcr_normal.png","profile_link_color":"286BA9","profile_sidebar_border_color":"829D5E","profile_sidebar_fill_color":"EFFDD3","profile_text_color":"3E4415","profile_use_background_image":false,"default_profile":false,"default_profile_image":false,"following":null,"follow_request_sent":null,"notifications":null},"geo":null,"coordinates":null,"place":null,"contributors":null,"retweet_count":0,"entities":{"hashtags":[],"urls":[],"user_mentions":[{"screen_name":"danhgilmore","name":"Dan Gilmore","id":17003315,"id_str":"17003315","indices":[0,12]}]},"favorited":false,"retweeted":false},{"created_at":"Fri Dec 21 15:41:02 +0000 2012","id":282148679912144896,"id_str":"282148679912144896","text":"@danhgilmore err I think that solution doesn't work. I didn't notice it was an answer submitted by Otto.","source":"web","truncated":false,"in_reply_to_status_id":282147091269181440,"in_reply_to_status_id_str":"282147091269181440","in_reply_to_user_id":17003315,"in_reply_to_user_id_str":"17003315","in_reply_to_screen_name":"danhgilmore","user":{"id":17220222,"id_str":"17220222","name":"Corey Salzano","screen_name":"salzano","location":"717","url":"http:\/\/profiles.wordpress.org\/salzano\/","description":"web developer, music lover","protected":false,"followers_count":205,"friends_count":109,"listed_count":1,"created_at":"Thu Nov 06 21:42:16 +0000 2008","favourites_count":6,"utc_offset":-18000,"time_zone":"Eastern Time (US & Canada)","geo_enabled":false,"verified":false,"statuses_count":1233,"lang":"en","contributors_enabled":false,"is_translator":false,"profile_background_color":"352726","profile_background_image_url":"http:\/\/a0.twimg.com\/images\/themes\/theme6\/bg.gif","profile_background_image_url_https":"https:\/\/si0.twimg.com\/images\/themes\/theme6\/bg.gif","profile_background_tile":false,"profile_image_url":"http:\/\/a0.twimg.com\/profile_images\/2562278396\/2y4pp598hlp03iwsjmcr_normal.png","profile_image_url_https":"https:\/\/si0.twimg.com\/profile_images\/2562278396\/2y4pp598hlp03iwsjmcr_normal.png","profile_link_color":"286BA9","profile_sidebar_border_color":"829D5E","profile_sidebar_fill_color":"EFFDD3","profile_text_color":"3E4415","profile_use_background_image":false,"default_profile":false,"default_profile_image":false,"following":null,"follow_request_sent":null,"notifications":null},"geo":null,"coordinates":null,"place":null,"contributors":null,"retweet_count":0,"entities":{"hashtags":[],"urls":[],"user_mentions":[{"screen_name":"danhgilmore","name":"Dan Gilmore","id":17003315,"id_str":"17003315","indices":[0,12]}]},"favorited":false,"retweeted":false},{"created_at":"Fri Dec 21 15:39:49 +0000 2012","id":282148377146322944,"id_str":"282148377146322944","text":"@danhgilmore probably http:\/\/t.co\/iDr7j7YC","source":"web","truncated":false,"in_reply_to_status_id":282147091269181440,"in_reply_to_status_id_str":"282147091269181440","in_reply_to_user_id":17003315,"in_reply_to_user_id_str":"17003315","in_reply_to_screen_name":"danhgilmore","user":{"id":17220222,"id_str":"17220222","name":"Corey Salzano","screen_name":"salzano","location":"717","url":"http:\/\/profiles.wordpress.org\/salzano\/","description":"web developer, music lover","protected":false,"followers_count":205,"friends_count":109,"listed_count":1,"created_at":"Thu Nov 06 21:42:16 +0000 2008","favourites_count":6,"utc_offset":-18000,"time_zone":"Eastern Time (US & Canada)","geo_enabled":false,"verified":false,"statuses_count":1233,"lang":"en","contributors_enabled":false,"is_translator":false,"profile_background_color":"352726","profile_background_image_url":"http:\/\/a0.twimg.com\/images\/themes\/theme6\/bg.gif","profile_background_image_url_https":"https:\/\/si0.twimg.com\/images\/themes\/theme6\/bg.gif","profile_background_tile":false,"profile_image_url":"http:\/\/a0.twimg.com\/profile_images\/2562278396\/2y4pp598hlp03iwsjmcr_normal.png","profile_image_url_https":"https:\/\/si0.twimg.com\/profile_images\/2562278396\/2y4pp598hlp03iwsjmcr_normal.png","profile_link_color":"286BA9","profile_sidebar_border_color":"829D5E","profile_sidebar_fill_color":"EFFDD3","profile_text_color":"3E4415","profile_use_background_image":false,"default_profile":false,"default_profile_image":false,"following":null,"follow_request_sent":null,"notifications":null},"geo":null,"coordinates":null,"place":null,"contributors":null,"retweet_count":0,"entities":{"hashtags":[],"urls":[{"url":"http:\/\/t.co\/iDr7j7YC","expanded_url":"http:\/\/wordpress.stackexchange.com\/questions\/30162\/upload-to-a-remote-server-using-wp-remote-post","display_url":"wordpress.stackexchange.com\/questions\/3016\u2026","indices":[22,42]}],"user_mentions":[{"screen_name":"danhgilmore","name":"Dan Gilmore","id":17003315,"id_str":"17003315","indices":[0,12]}]},"favorited":false,"retweeted":false,"possibly_sensitive":false},{"created_at":"Fri Dec 21 15:28:41 +0000 2012","id":282145573023412225,"id_str":"282145573023412225","text":"@garyploski I use @hostgator. The speed depends on the other people that share the same server. That's why they call it shared hosting.","source":"web","truncated":false,"in_reply_to_status_id":282142447461625856,"in_reply_to_status_id_str":"282142447461625856","in_reply_to_user_id":12194402,"in_reply_to_user_id_str":"12194402","in_reply_to_screen_name":"garyploski","user":{"id":17220222,"id_str":"17220222","name":"Corey Salzano","screen_name":"salzano","location":"717","url":"http:\/\/profiles.wordpress.org\/salzano\/","description":"web developer, music lover","protected":false,"followers_count":205,"friends_count":109,"listed_count":1,"created_at":"Thu Nov 06 21:42:16 +0000 2008","favourites_count":6,"utc_offset":-18000,"time_zone":"Eastern Time (US & Canada)","geo_enabled":false,"verified":false,"statuses_count":1233,"lang":"en","contributors_enabled":false,"is_translator":false,"profile_background_color":"352726","profile_background_image_url":"http:\/\/a0.twimg.com\/images\/themes\/theme6\/bg.gif","profile_background_image_url_https":"https:\/\/si0.twimg.com\/images\/themes\/theme6\/bg.gif","profile_background_tile":false,"profile_image_url":"http:\/\/a0.twimg.com\/profile_images\/2562278396\/2y4pp598hlp03iwsjmcr_normal.png","profile_image_url_https":"https:\/\/si0.twimg.com\/profile_images\/2562278396\/2y4pp598hlp03iwsjmcr_normal.png","profile_link_color":"286BA9","profile_sidebar_border_color":"829D5E","profile_sidebar_fill_color":"EFFDD3","profile_text_color":"3E4415","profile_use_background_image":false,"default_profile":false,"default_profile_image":false,"following":null,"follow_request_sent":null,"notifications":null},"geo":null,"coordinates":null,"place":null,"contributors":null,"retweet_count":0,"entities":{"hashtags":[],"urls":[],"user_mentions":[{"screen_name":"garyploski","name":"Gary Ploski","id":12194402,"id_str":"12194402","indices":[0,11]},{"screen_name":"hostgator","name":"HostGator","id":15770852,"id_str":"15770852","indices":[18,28]}]},"favorited":false,"retweeted":false}]